{"version":15,"hash":{"type":"Buffer","data":"i+IiHxzwure6brQ2mJ5y3wjKkRM34Nlufk5oR3o4KYONkFqGebPaBZ0kGzV1CJY7Lcz4up00Vy0S55lrlsufDhTBfMbKZA53V71UlwI98DJTLb6enbfFE6YqLTWWCz4Y/Frwoj1b/YNaMt7y3H13XfNaQzBNr7nJtw6lQVYO1T0="},"indexValueMap":{"GpxX0IlJUepi0Zix2/G11GQdWX88Gz/mRbWG+NkkRXA=":{"valueMac":{"type":"Buffer","data":"REZRmGt+RBpG5Q5LB6a7RV8aZ0BH5LVPmYd8phNLOCw="}},"ylVpugbaj+IRueviJYq2n8ZRSnacxHVZ6l/b40LUxfI=":{"valueMac":{"type":"Buffer","data":"QkVQhTQjXtCHLrGwOZISGnccgaSyTCExLeKJ382wzE4="}},"0rMjFAoT648vbV0aff5XMNUrBQWpC9BqwQyRWe4yACg=":{"valueMac":{"type":"Buffer","data":"pxyOGYgrufyPTSm+rucO+HZ0qP6j9mHd0ldHzEYAdiA="}}}}