{"version":21,"hash":{"type":"Buffer","data":"yO2foxxlcPsnJ+X8ensTNM5VXA7UjoNiioRhorwm1w+7CpdCwDNqsFVE6lbNZSiC4alDU7Bs+Ye5DQQm5AThIBiv5UCcqEQRnvUxKQ5UatIDavllM3M+Sai/dHnxAh1CL4z15xvhCvJ7WF5aLJ9s37E4RVm+anwZFswaOLqPnGM="},"indexValueMap":{"AJep5zMaljkh2pJqSzC4mZqkYANj+TGPmDIklE8nAaU=":{"valueMac":{"type":"Buffer","data":"IGa3VU0KQIjcFq0M2PRM1qUdWfFnWEEfeA/oHWnPAgk="}},"Ap5d7Xn1UtSOGd3KITTdR5jsdHxnQYR3tV8NVHreP58=":{"valueMac":{"type":"Buffer","data":"gZERN7m1oAr09nI6jA3fP5GLPa/yEFHCWjtFH0VvoOI="}},"BNO5Pi3xGmcNPH8Tg+E6/MLwt2aahUV7lZtliZrLgPg=":{"valueMac":{"type":"Buffer","data":"2m3Ad5H4hu7YmMcxEflYyWvuSbEtDfx62i4JrxGt/TQ="}},"BNV1NCKtk9WnGSR1DLjfOITznWLdJZtRl6xvWCGqi40=":{"valueMac":{"type":"Buffer","data":"VdxVvqWbmDuW+4VN1k/Iwmct+MLQDW5dvT2kpeQK9KA="}},"Bq2yNBhy/p01lAzqwSF9urF9RYco4cp4n9bMwyyjuHc=":{"valueMac":{"type":"Buffer","data":"NzM8uDEET0gThhISQeoVe5QY11ux+xTfQCEL1AI6VNs="}},"CIrhx3zIdirq3o0Z6rU8yrDt7v97nEM7M69gObVDdnc=":{"valueMac":{"type":"Buffer","data":"gzfVObT+kbcnzoBVLUxAczBpU76SkGG83Uj4omjD4a0="}},"CJfjfNHktKQ+NTJ7F6g5A1KPubvx2GzSHV/xl1JS3ME=":{"valueMac":{"type":"Buffer","data":"QfHnWPPklMak4iX5R5bTC0mI0/IJCmsOeLbQuwsR5FE="}},"COpEXbPjC4MMmY0X7cur7RcSZUTobhMJzSPVYgmV4Ro=":{"valueMac":{"type":"Buffer","data":"K19SCP1HgGy0ej6xhOTPVayWDGabZb52ab7XgJYY5Qg="}},"Cb6cT6wpHAQmZo6BzK7nV8N3pYQ4yXVk0KrrfhDG/+k=":{"valueMac":{"type":"Buffer","data":"AEOZ7Vy+1IWfUe2TIxBDXvSCZ+2z99KpX78cjN1tRVY="}},"C3HTK6/Xy9c342G1pIHZUZ0jn38+ZZhOhpjs5AwEato=":{"valueMac":{"type":"Buffer","data":"m7w3o7eX1D2kMx7jQvSx+retmXHVYw7fwsUzS7BYPSQ="}},"DQfxITU3DH9f8eTSRWpKIWswJMiHr2TDexZI3jMZ5B8=":{"valueMac":{"type":"Buffer","data":"lc/EHmbN6bbOvefE0vM6LwOPLm0vHczgj9pgf0Dyoe4="}},"DQmUL4pg9rC1v9ImO4pT1DvInuKWC+p+xtq3N8gT7UA=":{"valueMac":{"type":"Buffer","data":"jvWVsIOypXq0IVINLZ08Ha8pj5QQ4kM9GMzcq9ZJa3M="}},"DQ4BZGT7qqRqbD3X7Ut/AXAylD5ciB/GLC2OSyUYKcQ=":{"valueMac":{"type":"Buffer","data":"Xz8l7JaQch9jBhsVdcKaDK4/NFf1DSZ02d4sEz0h+IA="}},"DgfuTRh2sSN33Esh3EwtMpsgAonrSHjgOvyCwGxKOXE=":{"valueMac":{"type":"Buffer","data":"LzbZu90j/rC6efbc/vwhAYhmDe8fI4+Y3qMQqWA4w/Y="}},"D750y9tRd6z06II3iHM+T9cRSweTDyQGdMhgdmqhJc0=":{"valueMac":{"type":"Buffer","data":"MkDLrFX+Q8aqyEIWqsm6d7X4PsMlFX95jOzS7gGbayY="}},"EfXg65hnwYP8czTYVAk1Eji+8faSMHXjr+Hl+Akn7vc=":{"valueMac":{"type":"Buffer","data":"pccYe0qerNrAv7Cidrl3NE6UUOw9lFsMBdX4kxZkvM8="}},"FUiSjOLmDeGGUeCbxQJG8wwqT9Hk5p4WoZeU6AV79iM=":{"valueMac":{"type":"Buffer","data":"LE1w4C9o1Xz9anCoiP6XQKcAn0EtncD0JN4juXtPli8="}},"FVJKWtBwRgpu8SP6vVtFPUxTs27JwwIWvtXkm0Fjh9c=":{"valueMac":{"type":"Buffer","data":"gcO3HFAXs/InTY5/m2vMTXDP8a/U3Oh3I8YRWxSDMd0="}},"FXn/Zyj83lXtffMCq3+uG8PuBm5N89Pz7m2LXPc2o3c=":{"valueMac":{"type":"Buffer","data":"vJPb+Huvv3xTR6JPiBQbuAZAL/DVbygwlsdnjauJbbM="}},"FpaKGM1xytB8uShvqSbn0ougGEIvikVu3/BaqpiWvaY=":{"valueMac":{"type":"Buffer","data":"vHCIpkI9GmgPVQkDdVd7+sFFUhRj636OiM7WTcbjLq4="}},"GhIW+IwdNMa+hnsexPIJU++MUsecowtGn8rehQAOovE=":{"valueMac":{"type":"Buffer","data":"habhEp6UHfyQmCCdzRM7eT7lehyY/JZkZdAjEy6I9Gk="}},"GwpkjbAsKS6RALhTOt3NYl2nW6PoCoTGhcRC0eBd4BI=":{"valueMac":{"type":"Buffer","data":"M5IK86p5Qybb6vx20x78r0gHPjUHeCJTANU7XbjDGUI="}},"HA1j0oHF3KKf0p80WoPJD8iqgopUqGlg5878e9Liv2c=":{"valueMac":{"type":"Buffer","data":"nR88bE7uwqE2mt/A92o2/S1C0pfS/MyrmKmGTplwQbU="}},"HM6YD68iq6Y2kn0w1tHUDuXyHVBNg6PoMUd9rdlmT4w=":{"valueMac":{"type":"Buffer","data":"Yy9dPUNJm4UcpxBxLHfVKIQ6ictQ2SyzhfEI1+1eo58="}},"HQzXBGos965vENcNLF6MS89Z+GUhNRwBRGwEJbjXJ3s=":{"valueMac":{"type":"Buffer","data":"uBH9Vdwle6JGJf1uMV1eMhMpTOCzYYmiDMf5KyvUtxo="}},"HXq8OGPcwYd+qa42EzphwdqUDZysLgvtswc8E+o0Lv8=":{"valueMac":{"type":"Buffer","data":"/qVslwPaE5gSWmS361Q69MfBO1r05SkQYs4MeUh85Qo="}},"Hh4YjTB3XdSXciZLtLGL8mXBu5Ls6wn0iKx6PeV02Cw=":{"valueMac":{"type":"Buffer","data":"0rV1biN4a+TT8GUznF7nEqgRakb20bd2lR/HlEVvM4I="}},"H6LOHpQXwp8O9TXq1nwFOXd18FfWrTTN/gkeQRoztjo=":{"valueMac":{"type":"Buffer","data":"MOGfL9jElmG7dovjWXrT82i3YJ7cVjimr+ikPVugmWY="}},"IavlKC3bK9fBsY9HLl8vKQdR0Vy0S44bTBgrsv4JDq8=":{"valueMac":{"type":"Buffer","data":"Tunb8au+aof8pw18oHGfIwtxT1zqVnVTyxtCMzoHj4U="}},"IbdBSKVVO3I4Np9pHqEXOXLrn3uj1y5a/AFE26zxST8=":{"valueMac":{"type":"Buffer","data":"4IVrGJ3GUUuZkgFru880sp0s0Ug7d1Dl+SnWU6tQqG4="}},"JCBKIWn6Ts+oEyAMbNFA+y7g2Jpc8ySb1yTIv809uL0=":{"valueMac":{"type":"Buffer","data":"AHVNROlA4Mdva0kJ94Td2RiCRdIpVNExpYguvnFGa3g="}},"JQ7oiXfz7Q1GIqFoF54+rRmf9Q0hYlWnJXP983cg5Fs=":{"valueMac":{"type":"Buffer","data":"EFhMKdW5stcCGmgk9Sxh0Zontgfq2a5h8Or8adk0ZH8="}},"JYvjhFWBhtWY2KQTFJAOb0i8hOinzVJUhoheKbEV7YE=":{"valueMac":{"type":"Buffer","data":"RBPuAepjYLESJrLs29CCHGhQHTmEz9DNDPlN5FXx/Bo="}},"JnhCXPnt9bxZyW7/V5T6pjKjzeYp+Sjdx/Puocn9rfk=":{"valueMac":{"type":"Buffer","data":"NpZUvEwf7FV8bo46EU/G6MPtDmWa/UzJhOPc0xOK3sw="}},"JubM0dvNbfTBXZ736owOajnoCSLqggJVobb5rQTTXGk=":{"valueMac":{"type":"Buffer","data":"ANk59ghSeLuww1hVfyqAgl0F04/la+7TZNWvjz2su7U="}},"KKbeiu5U3eQShLIqrouZlT95Cm0gHRN6jTyvF4Y1GUk=":{"valueMac":{"type":"Buffer","data":"1cbSpDWvJqFr1GPucr+REYOXp2OlS8sd8GU+fPlNOIU="}},"KVu0LZU00zMT/MRhrV8HuKd5bnCyapK8G8JiOWbpG88=":{"valueMac":{"type":"Buffer","data":"lWtNxIKYUU1U3YnzFmRp8yYWPpOhcOUMFGsaSXLtaIQ="}},"KZcnCJs/E352QpkjIkFT7unE+NPH9HqRfxghTdfUKbk=":{"valueMac":{"type":"Buffer","data":"tl1RNfQu6WnPGXhyZYAvmnDz7rIpz/Qt970b31iC1hc="}},"KceQK9M399VkNtGU6e4rBt++Va8FaSBSIrIDePPrNtI=":{"valueMac":{"type":"Buffer","data":"VhdMasqLttle6fgWwft+Ojrmo2KEw8yWz/oNpSRuuQ4="}},"K13n8o0gHunFf+z7e1LrphRMp2WXXMYtLS0yPpiTYoc=":{"valueMac":{"type":"Buffer","data":"lVC/pGpsomrPQr0rtkTgi0uv4RArQkad8xK5KgFNXwU="}},"LwcrGoeGWQt0ac6oowIN1vnu0L9/vjG4AEGh/abNyMw=":{"valueMac":{"type":"Buffer","data":"fCjGFohDzIa32YBUjaJ4UlXbgBzP2nmCm1Y+fHysT5Y="}},"L/JUBu3puQd0H73MowmAYxdCUvX55398w2W0ozLf6IU=":{"valueMac":{"type":"Buffer","data":"h5mkdQp/0A1SrR6gHeuRVXf8nLo+zp7gaI44WGPnvH4="}},"MTRBpkuihkFwUXzGWNGleB4bl62gKhRU96BTC5T//Ro=":{"valueMac":{"type":"Buffer","data":"5TlzMPb6f13JtkQV9tEzPRnqQrKrW+NPzJIOvGN27H4="}},"McMBzuhL+pFzPmVTFh4822SwDHp2miWpAkVP2uD/tdE=":{"valueMac":{"type":"Buffer","data":"vrSbDQqNyGpWLkDa4CaVKkfGbnLiM33Z4DNpYXWxNtA="}},"MkpUdoLDfW6PEYg+6z95sejUbwS3VftueiqQ8Gk9swM=":{"valueMac":{"type":"Buffer","data":"oTW6R/XiD+pXTVuDOp3Kf9Zs83f03xsoaym1+MpBIuQ="}},"MwMzI3+s8w7sOzwYQ48n0pMIyBsqLmQjGPtfldVgWZo=":{"valueMac":{"type":"Buffer","data":"9Q/8nLTtOXa5Rgu7g7iYcQPlDQ8Pa+ZTZILVRx9aOYI="}},"Mzo65ewuFMFT6EJ36BStgiIGu4Q1uEXRDcIcLUwYJ7o=":{"valueMac":{"type":"Buffer","data":"YjXSTc2K1q10qZUFqxJgOLz6RW8FFeqsK6Ka9o8pFuc="}},"NFdq6Yh/JEXpJN+IwjaQ+oXH6o4kNmVYOM1T4MiNyIE=":{"valueMac":{"type":"Buffer","data":"eGy4lPIlqwZCQjbOGGOEvT+l7etGUflbR0DsH68QZ0w="}},"NKeFDY8ZJbkLRxpvB/731YrrA7Ej7GtE+2hhNDky2s0=":{"valueMac":{"type":"Buffer","data":"YKbqsJs6wclA52w0yf1Rv59KXo1zDIe0zoISR2AmzY4="}},"NYSQmc0kL+oPSd5Y5659zNIxHShlPWIH9/mu3q3Hzcw=":{"valueMac":{"type":"Buffer","data":"kX57D3CH8fREp4UrQNfnHbi3P89SCMmt+7GwUc3i69c="}},"NZ9lTld/x6bWJJ2maOLa1CbB1veNWhsGCIIU28AupK4=":{"valueMac":{"type":"Buffer","data":"UBKjZUkjJgRyjn1Ilcue5R/vWt4+9Zbg9TgL9cxXsLs="}},"NarZT2jzYfV0qfc0FaZtutPvWK3jVpYrmvj0IYfH4bE=":{"valueMac":{"type":"Buffer","data":"GIPC7sodWv8aa+JsfvOxuDhpooiGg7ZEu8tXAdQTyU8="}},"Nzl+ObaaqUeV5HdfyeWELAg+YJooqbP5vHtNZdGxGEY=":{"valueMac":{"type":"Buffer","data":"843ATwiF9gmAZhv2OYQtUIWd63sfNpDW7i0/vGJXYIA="}},"N4k4wolQqgF2yCtIdl89+fEa3H+q1B4LB0gxTsTQqis=":{"valueMac":{"type":"Buffer","data":"yJXsQdrTgxPCN2/g4kSag9SvbDvcn3zbvtlPTSM8e2c="}},"OJIos2NODB8Ihh2ZQLphqFLh3b1MyYwf3CYUfSo4geo=":{"valueMac":{"type":"Buffer","data":"WhzGklTqKBw3f3xrYXHFa+ZuQSl+vvUcODoD1CrTbCY="}},"OXIdiMiVXrR2AdGMavU3oY+ZO40OpcqdNO8CVgTe/uY=":{"valueMac":{"type":"Buffer","data":"tND1/Zib/4OsL+3mcodOGigUbXn2sjJLxWsWZTGs6FE="}},"Oi977CL4PpCTvbdFzmVbsNJXH/qgc6medtakhgfdyQ4=":{"valueMac":{"type":"Buffer","data":"vssMV3vd/8HUAQLerz3e+r9+Q/YEYtvMxzxd9RjasXE="}},"OpyKA99k9hxyRUh4o/3fpPOnmYDe4E4BuOhtspfaasc=":{"valueMac":{"type":"Buffer","data":"9IqUSz5KFNxTx3C9bS2KQETrLz0T8Kd1QVJ4eBikfow="}},"O7Xi2ej0rn5fpH4mgQgFF+JUanT74ikFQe5xCqdAKv0=":{"valueMac":{"type":"Buffer","data":"+JUIoSKATLslORu0Ml+sko0Z6u7jnYVEm1dqIIsf0hA="}},"PKB/PRnan4BQzq6jppB7T5b8y2FTTEdz6U9UlwKPLtM=":{"valueMac":{"type":"Buffer","data":"hDDYys/Jc/NjPrKbqxYntgw2m4HSNY1MMIa9knlH2fI="}},"PLbw81yG0NXzeQe1aoQCUWo3QbIgXUK5imi7EcThVCQ=":{"valueMac":{"type":"Buffer","data":"I0YozRKw2AywWOMC8kZlzqPCPOdBoSfQCJulPscEqbY="}},"PopcJEn9gQ+e7mUuF8lQbzGZA081pTs4rski4/9BN00=":{"valueMac":{"type":"Buffer","data":"EiV2GvKG7r+yNCDrXuRxJHE0zQKuMFrb16XlXh3w1RY="}},"PvgwAljeRQkpHjMJwZ7tPIgmarUgHpkpI0x6y4t3a7U=":{"valueMac":{"type":"Buffer","data":"B7IlX8UvdIDZ4tULzBrkYZCuQEA2lZlF8mRgFnvexWY="}},"P+84I7jvHg9N3G0eBQQ6k3LQsXd3RPO6mCM62CmVsDE=":{"valueMac":{"type":"Buffer","data":"Mc2p0TT1xQFlsr5KRwd7uaVoZVQAo7aWSI4yD1c3apg="}},"QJZICY/9JrKzWoWrr8rnC7s3WF0c7/jiPQGTv9bVK14=":{"valueMac":{"type":"Buffer","data":"D5GxgOOKqvK9aYMiE4Oqo/sV+kI0aUdTT0uRMIk2nok="}},"QNpKggqAk57PIE/ACFx5YDGT42+5YDqmy1p4ADAMO7Y=":{"valueMac":{"type":"Buffer","data":"nWHrqOaDC9zvRh1qWZDJc4G0lvh7vctq3zi3Llo76IU="}},"QjHUAspBfBZ+IR28gIl1DM5wrGPR/wnC6yM7GXH3WY8=":{"valueMac":{"type":"Buffer","data":"A815SzyUjEQZV/bEj+danCLw/IdtmpJ+4Vx9p3DBhPM="}},"Qxlz/uuj35OHD3hHfuLlJ9p6knUAlLNnMNJq6QCstOw=":{"valueMac":{"type":"Buffer","data":"tyzQfQ0LTghvizjaCcqnvyV6KnVrGzBigBiUrkH5urA="}},"Q9viKThs/aoId8A3bILVlFrcLBPhARyZICvuXi2YgmA=":{"valueMac":{"type":"Buffer","data":"rKFdyCjNvq+OxIhspi3b4shN+v1P+npIrXN9ZUnEVQ4="}},"Rlf8xD9XL5+835OnnNgaAIKD8qwSM3RIxsCTaHcvxFc=":{"valueMac":{"type":"Buffer","data":"ydYW1rYN49spyf/FQzn0v/OY5vo+tB/xeLavP/Jx/fA="}},"RqQk5mU80YIk5orLyJG9K8yyPwgD19n5rgcoGasxfxM=":{"valueMac":{"type":"Buffer","data":"jLQ9scHxv6k0AmNigH8eBjlOVXVBQCnaUjIAyZHmk2E="}},"SCo4L/BTH1n/js9P3Q0d7pORVmbXuo++qD5UUYa5PC8=":{"valueMac":{"type":"Buffer","data":"N8IhqBeSa42y7T5pGrmRZgNitOmYFds+ZfPxuGTt288="}},"TkcCH4RaagNtzFqblJabkCxUhwjjmpr1757gtd3H4io=":{"valueMac":{"type":"Buffer","data":"v46SaglbJ2SVlrGTViqzwpVC8HO/z1Y6TezPO6eluW8="}},"TtDyyCsL/v/sWd4Ytv4nBOVz+WRyO6LBOWDFfpj2QhY=":{"valueMac":{"type":"Buffer","data":"eOzvQW9DKTkfmvODkr01Gn8SWNbeYie474NcjD/kMdU="}},"TuWPGYlpfuDt/GiqjQU09FyHrS7IT1RiQ4W0fv4qUlo=":{"valueMac":{"type":"Buffer","data":"SqXhfTknuTQm9U8uDh56MGo/8bJZnR64FOxKGRN7GW4="}},"UpKdzlnjBZklIBNLIpCF6XkXl1GsAx2mTcpxZeIzsFo=":{"valueMac":{"type":"Buffer","data":"pJvS/JlTaYhL2PP+lHKIYMnV39dZFT/NBhVYeZO2cPk="}},"Ut074dN0zUMVmx9aDKS2IFx1Jkov0Ds9nVHX2Oleesg=":{"valueMac":{"type":"Buffer","data":"ts89KKmgOYJepjyZG6ig+eI7wAUWAUFC2wL+1Q3HuHQ="}},"U15KA+fpIm0k7clIxJILDhrcPZrUdLsmpXOzdsQC0LA=":{"valueMac":{"type":"Buffer","data":"xRs+IE8HjH5RKNCC6uPz/5gKHSEF2BVLhcjclFVZ2DE="}},"VasqBEbdxKuuTeg1p1rm0/R3nKe/C/VOvUakwtQVUPU=":{"valueMac":{"type":"Buffer","data":"1orLxPKVIGrYFBk52bOhCwDsO8Yy/3wMXZLG+ngyTZA="}},"Vg9JfdsGHDbXpnzBkc4IvrfzRVBDk1jjB5jSNqDx3ns=":{"valueMac":{"type":"Buffer","data":"32ef5EKp/Ht0W67x91NnkAXp6iwxBsGK9Or+5fYNgxc="}},"V8GXV4xKMMrS2xF1qYvoYEZH69YAEerEl5H0qVM014A=":{"valueMac":{"type":"Buffer","data":"1yIyQpCjc/mpvKSa40Rz3u1P6VCitHKYm8NTkMlNTjM="}},"WShi9ypHjNdJr7s32aX6uwdN3IWgEO0dK63Qths6e1s=":{"valueMac":{"type":"Buffer","data":"gnJRlACpisEc00Jk1e14Tl/1oSR4qIvY+eDrBQrJ1Ho="}},"WxpIndqQJwi41u3HhDUMzNRgCLLgtAJ24wMdvQCmGZQ=":{"valueMac":{"type":"Buffer","data":"Xt6OX6WUuFUA1KkaKu7QqwvV7ENVm6u12eA238jciLg="}},"XqC3I15lenTZDgFLuC+hqhbPBTG0c986ltzctwr4ojA=":{"valueMac":{"type":"Buffer","data":"Xo5QIXSfWpCxbdDQ+B9mKPVgXEBOzfQTLS3ZEpUCSIM="}},"X7iRJaT1jdMOcJKCx/jE0j6kWTsGtnpQRfI9vmXku9Q=":{"valueMac":{"type":"Buffer","data":"mt5VQRwUPlWwY/iBSG/4+UElk9hqpiiBuMtkR8kEgmE="}},"Ys4bt2QBc065ibhSxYq6LA+c2/aQOejpMLx9lbrSEFQ=":{"valueMac":{"type":"Buffer","data":"vG32TUyqg5SgocXPuGSPF3isXO2BkZivKHHczd7BcEM="}},"Y1PIYHtAEDSryL3jpffs1601BQqQetqICH7u31wlh7w=":{"valueMac":{"type":"Buffer","data":"1KURpfgUl8MoyILr3oZvHSmrppihlToKfrxzM9nyPsQ="}},"Y3XUJ/XkbrRRgpY0HPSilZyNDMhXZjvMxvzRvlZ+ZbI=":{"valueMac":{"type":"Buffer","data":"xahASA0g4di7fgRYWuLW/WFuJi2281GVpid6Oiw2faI="}},"Y7JsI86iqzj0VrSl095W524w42I/5Z7fy89z0DfD0pM=":{"valueMac":{"type":"Buffer","data":"2CNylfJ///MA+xnd/4c3UlalYV6KjbR7heI7VE+iBx0="}},"ZG4n3zEpLaUTJIQDyhp7stL6U7M1NDyZo36h+iOMv4k=":{"valueMac":{"type":"Buffer","data":"P4+Q4iTvnkYo63NW0WDwxh4Np9EPmmtc57RI+IDPYX0="}},"ZG5c8Rf8xBr/zT4HH4Ul6/Eol8F5s+gElPqvGZvo4qM=":{"valueMac":{"type":"Buffer","data":"xEXJLObsU8lvgMKF/u4YP4kvVz21L7zQQMtX0clxkIM="}},"ZXo+EA8i8fN1J/9S8zMkNR55EX8Si7F1UsOKHvqK4VM=":{"valueMac":{"type":"Buffer","data":"GX+91aYTeMYPqkn0yLlEifwtJNfjKunCW7VZOIA+fxY="}},"Zl1BfNZsRX2QfgG8tKAqiLzNzLmggB2LwfcbLSTbWgM=":{"valueMac":{"type":"Buffer","data":"iLXavAPizwcjfSmp79uvinN9ZojU+0Xd0vNCbUAYN64="}},"Zl7simq0GvooOL86+2ZFnTRm/srBWbjm24j9+Y6H16c=":{"valueMac":{"type":"Buffer","data":"0c071sg5BAX3aR4rEGt+GM4JY2ZzN7RVnqzcn826C64="}},"ZqsnnQofiR3XZJlWK/qHhC7d71qOypqRK1ALMbDQ+LI=":{"valueMac":{"type":"Buffer","data":"BopsbWjfx3OvklqVGI2RZJim2RLkrPKWf0aQ2/rkSzQ="}},"aORM23S9EzWo3SR3NOm8UtM3S5vtuYs/EGANf1OiVn4=":{"valueMac":{"type":"Buffer","data":"fS53QVrZscakE+fGiyM/Ez5PviTMMcrtEInj3mHKV8c="}},"aVK0STg8br/hetwEGEqpWfuHa+JXZHqeQNV/O4r7Ru4=":{"valueMac":{"type":"Buffer","data":"rZQaNZf6inuiTZ1lghco/4W3scyS1vXXod4+/3lTONo="}},"ahcII8bThvD6LuwCM4QE52UKYcomCqmab4VqEGJSYYs=":{"valueMac":{"type":"Buffer","data":"wmYCPJ5CT8qST/vd8R5kDrG6sCyuJx5nwO5kFp7/Nec="}},"ajwvIvWFbNzWO+t1UH+1DDsx+0dEpC6hGurf5OgZjjw=":{"valueMac":{"type":"Buffer","data":"yPOmTdVn03La4OyblSE5OXYrBdS1EJuaABbkmU/jGfk="}},"azOd4IvPdBe/8Lhk+MwGHA3N5tJPvl2xfRK9ry6dRLA=":{"valueMac":{"type":"Buffer","data":"yH0PHmBIIzVcnHrN+f2FQxKoyGMd4K35RIEpaWQfKok="}},"a3p5K5m+sHktXWFEH09WbH3n/XOrRPN6U32hfJdYfbc=":{"valueMac":{"type":"Buffer","data":"S1oDBvj4STjLHHPBxTTOhf50iK71+xlIdZ9XRRtvnD8="}},"a8STkyiHqM9VMZuceoK4Xll6NHIbd24Cb2rXn5W2CKM=":{"valueMac":{"type":"Buffer","data":"eUv5uqakBWSpJz+2w+RCYV2ozCzBBi52Bxnl9daLqNo="}},"bRFCuNNGQCkKPZ00i9q2ZdWfXTsKWf9k/VEj5js2QyI=":{"valueMac":{"type":"Buffer","data":"cWCVL2N6vpuJYIY81VjKiJ+z62nOROAjGUcrwG2Chlk="}},"bZNQzHVFm47yZHuHJFRwO6rk9ehC5G0pO34RNa+dsqE=":{"valueMac":{"type":"Buffer","data":"YCS5YuUWf45+6Fk5nHJLrgY5Ne9dXd4obH9qZguhT4o="}},"btO2xiIPMn3NyHtTmQ9n8BPfmoKLMw6g8X7lZOLZP8Q=":{"valueMac":{"type":"Buffer","data":"Yy7/zhhfntoza7deG9RnK59NFJpll9BB51VeIaXLA2Q="}},"b1cqTaqX3zpg/BTbYErbFeFzTNC/kGpnygu4vn+CgjU=":{"valueMac":{"type":"Buffer","data":"Kj9EX23t2n0PJEWw87eoKoqMOG9lx+uZ96lyEJD68ZA="}},"b5cNIs5QUiv5sMjoOzOZYK2LYk//nEA0WL2y4BPLAQ8=":{"valueMac":{"type":"Buffer","data":"ZcdEZiY4AWWl3/pfE7FLCDsJafp58hXFJwdCgW8UxQs="}},"cE5a1MZG+j4f8Ewy31JFz+uniOHiFkvm1PuW2uxzQow=":{"valueMac":{"type":"Buffer","data":"uUf1ukIBTiTqTa1QQ6rwN/bkRBbukZH2fas+32uJ8xM="}},"cFm6A+TXPkOuoOhdTZZwy6znyUTopLqVPM9zWLsfthQ=":{"valueMac":{"type":"Buffer","data":"trOr6LVroyrHWonQc/dlG/gM+SHeb985UTfpcGTWGhY="}},"cKxndoOb+1KKVpDQ7pZrFZiOv0ZnY724HhDOgF8/Xw8=":{"valueMac":{"type":"Buffer","data":"0rVw36Xh4/cOpa8E06pjEWGtw18Ohhht2esjRaZBgHA="}},"dAX7wsoZkaYYkssyP4E7nJuOhH/KpAIWrDwdf2G2lfg=":{"valueMac":{"type":"Buffer","data":"xwBc+OSLNa5gUFflgO8Tf5x6BQfUVQKg9Q2l889HheI="}},"dJsSGrSZ/aM6abroKfSmlCz8Gkrl9fldACBibXPUcdA=":{"valueMac":{"type":"Buffer","data":"zSktXfyNjRg2mXfWBqPAb5i04dcJjgtZK34Dq3TXDm8="}},"dLRjv5EwUshraOW9FzSIPGQVgN0N7Wp7hXS5mM/1FSc=":{"valueMac":{"type":"Buffer","data":"AMps+9EDNeTEzgZiLx6MPrqtld2gqVKtbhpSZ5oPwmc="}},"dSNSz2x20XU7hJRXiKX7DgCpNhfhdlbSDMEGNmBPtug=":{"valueMac":{"type":"Buffer","data":"3meY0NRQNyu2CAZEnEW9tfqkvOW4R52LmFJkTQrgtTo="}},"dYJFk6RwCm2KrE4B98ygY9H8H97VFxAZqA5TNL1An4s=":{"valueMac":{"type":"Buffer","data":"oPWWri8cSD53Z0d81+7JAx6jhLRGtkiV6YgsV2+mgWk="}},"ddINaENrj7hgypSRlXs/CdJ1q+8N6Ja35d163MMR8l0=":{"valueMac":{"type":"Buffer","data":"b6csafc2xcZF9KNSHiWLDuRgHwPOy8V6aZXmj1XE8vI="}},"d+v0jRgSQdLqbeetcGqlwxCW+vaXM3brJ24n0I+0Vlw=":{"valueMac":{"type":"Buffer","data":"pCtVz006haMrUyYPIUPnCUde13su/aOPzxuKv93PW6k="}},"eCOeRTZzvOMaEUrAVP97EBWTPxiBgoCyRiXply7gRK8=":{"valueMac":{"type":"Buffer","data":"vSsRuPKIqWiDyX8WDBw8TjzqHuVREF4BNyXdCa+lCPQ="}},"el1bu+Okgyt2Dj2ot6C9/dGDfZGDaK0TvEetzdwzzWI=":{"valueMac":{"type":"Buffer","data":"5ry7SfYNOxjXIpJop0UTa34xO+mWuaZjlgJJsieEuoA="}},"emYt3nUCdTJWzUub0jg2tm72OTjLgPRfEj5iHvDsJOM=":{"valueMac":{"type":"Buffer","data":"1Ikzr8r9/PATdw1cjMypKDipE1yiUdjXPKjNVx+VeDk="}},"eqwwNz+FYaXUi5V/vDWJSFxTtZud7BywP2agLKunr9o=":{"valueMac":{"type":"Buffer","data":"q6Dwxug7Fa1xKZ7+3Laa11lcFzTvczykhFpeLSV5v7E="}},"fQr5oJmu0yWmcUXlY/iYJblIXckL1gfQem8/JnEEBuU=":{"valueMac":{"type":"Buffer","data":"m7SGTGrwoOV6I8s9Hguiliu0+yvLCAmvJGKBHZZqtr0="}},"fe/7VgJvMPLYz+onMRcPvpIzyP0JFQBStPLWEJ1PxcE=":{"valueMac":{"type":"Buffer","data":"5v1fOJ6yw4voajgcheal3dAHBANRJMfW2XNOzuV96h0="}},"fgbPXhgTzCDuK3wrfK8hfmYBxg39PQFfP122Q8rwBtY=":{"valueMac":{"type":"Buffer","data":"6MmSebCtn2i9IR5FhAAYhPlrGe9231VOdMuTBOONTzM="}},"fh90Cxr9KjlOjXUK4suUQO2ZG6TiCKRyM/iaUFgbGso=":{"valueMac":{"type":"Buffer","data":"qynff3jFgdDvdFmp4UrmfCXXe+lDtQKnoXW9Di+iOTA="}},"fnMjKS3Oli4HTyl3kftKE50qshgN1PXm9Llxkj2ClUI=":{"valueMac":{"type":"Buffer","data":"eHqc8kWffWshLd1dhRjmRWAoX9D5juiI9QHnZrpDim0="}},"f83yF40dPaJipsdgxkV3A43G2VtzhxLc0ITA0LcALvs=":{"valueMac":{"type":"Buffer","data":"uZ9vye1ttNLk3ozaaac+FY13bzGPhQ8McRaCKwWM9/c="}},"gPB5ENN0cxVIKntfFXTMhsicawdR9khhVyK62gVPWyk=":{"valueMac":{"type":"Buffer","data":"FVRg3xnilqnDl1eFmXrL6UbG3CEtQFXRut9LnfZeb3Q="}},"gZR6ugNj0pnKvqSuxUqtV0LdVGKAr4Y+YipMBeziP0I=":{"valueMac":{"type":"Buffer","data":"Owm/R92h2xNXq+IJ1WVFbplp/6q6GY7W5JUUR4nskzQ="}},"ggmgZEXuQUseem9aIrBZ0ypsMOwDVuGtgsx6d8vkdqE=":{"valueMac":{"type":"Buffer","data":"MMYS3nTNT8sYRBPbScOqEeGrLfMKa+jj8LeoQTvPRic="}},"gtc/un47KeEqv/4UXiOZf735+TOHzB+6I2/zGpmeaa4=":{"valueMac":{"type":"Buffer","data":"d3DNbXO/e3OyDDhcH9UDhYliIxRPaPA7VZZ/2qBmpew="}},"g0IE7832OwTWNNxKmlvXuoa8XiRkjvJzKaLoUlTmic8=":{"valueMac":{"type":"Buffer","data":"GDbcvpS1xPQb4Ow87m+Zt26jqY6aa9iWTuqN/ZDhSIQ="}},"hT5bxxBaeUAH45xoElCt94iBeD/zn4YGJ+Kq7hkx3eI=":{"valueMac":{"type":"Buffer","data":"qrrRcX7x6kmvHq0LARF38rm4ERjPSHCX+IIvUtkFEQc="}},"hZrwakeaoZpWkoChiZnqWVhEbvSHlfxdbWyBgp9Xmg8=":{"valueMac":{"type":"Buffer","data":"L01zLEy6e1YioTVRqS/2ARwJOiseZrDrqJvsT4tDJsM="}},"hprCo0lwkiekTmulSk7h23SA1hN+P94QnIkojt4fd6A=":{"valueMac":{"type":"Buffer","data":"byW32HKDd+NpWfvSTeiw0r/1rWxp9fei0gjh8t54kxE="}},"hw1QTYUmAqxs5wlxtZbZIt7ABWSttxYyhF4i8lGc24E=":{"valueMac":{"type":"Buffer","data":"3hYP02Xcs2FiDbEosKH3+r6V15ofupQNSdxZAbkJ8G4="}},"h+fa8bbAMqh6NvWHVLSR4whILBU1dT814jupyZ3J3k0=":{"valueMac":{"type":"Buffer","data":"dlMfhcTB1g+8yw9dRTAh/0BFS16V8Spvpqc2mUHUwG4="}},"iAut5GC+KwdieVSrbvpEjC8bkdD7WdFYvW6NHogKakU=":{"valueMac":{"type":"Buffer","data":"tjnlPGk2rM3MGYjAdYzjek344FC5Kz0DhTnv0X9QXCM="}},"iE3JhCni+XA22Q4VcDB53WttVQk8kPoYyYoT3X8/lrY=":{"valueMac":{"type":"Buffer","data":"T1N4/hWyDGT35/x+npRYzja40iQhfH9eJT0kbDps1mQ="}},"iHxCm7Obbg5eWl8BrRsyVf3j4Pijyb8wwEi1rx9sr+c=":{"valueMac":{"type":"Buffer","data":"kC3S0GSrkHUTZJluXtpfJIrM+/DK2jhbNG7VSyxVB3Q="}},"ijwZdeDRjmz6J5OP4gnEsZRxBaQfR5OwHaAwOCb/aQU=":{"valueMac":{"type":"Buffer","data":"pPMUuDkDtvzWw2VYSbd9YHmNV3nMZ7bbHoLIAWYo1Qc="}},"iupyEkS58fXAD/mFXZVO+IN89BosDyDcvrcOrUQZpGI=":{"valueMac":{"type":"Buffer","data":"hWl+mClRSeihXkluOo62xPWklXBEjvU4XzSK6+Kx6+4="}},"i601VJLBGkTQOZSbOXkVvvHMXGW6BUYnWuRteYKPG1s=":{"valueMac":{"type":"Buffer","data":"bnd/lJl6M0Fb3kmPmA0Uk2oWhsnX/7xe1PACxxw/Qac="}},"jHpW5EW11SiJmJpJ27CwQsGxuEY+EKz1o3oh18lFjXs=":{"valueMac":{"type":"Buffer","data":"WVZoT5BCGBtyTS1BhVqsyTA6lqZ4+k4fzF5uST9T88M="}},"jaANB5CXjA4JhXhY/6pBIkF3nKxNfNcKuT0wqJbR0Gk=":{"valueMac":{"type":"Buffer","data":"C8iUsyIROtqMaQo7gKeBQfd8OHPfXkhESr5oWwVqMdI="}},"jwDRMCcSJoXcUcPV5tHHzaeJ7/TNpPcV7tIdzjbqxY0=":{"valueMac":{"type":"Buffer","data":"3hpgnvmv+Z+4TBdu10Mjh1XLP0lsHoiwjWc7W2NKue8="}},"kCV24vHJIFpdNC9JfgjO5yLJUt78692lxi42nH8DliA=":{"valueMac":{"type":"Buffer","data":"B60Pa0szyebaFTva0CP+1esWd+0NRixzrwEFEfUWgtE="}},"kPmrUiCDeVbGiKgXQjMgN14T1tcUBnZ8TSa4mdp9wqg=":{"valueMac":{"type":"Buffer","data":"q4XhAUVpZcIcDWRbHI9Ebk50IZo/JIIAVkAgZiuUn8Y="}},"kn9x/LSKspBPywlUVENyxUhaa5VeuEi2h2jslCJz4yo=":{"valueMac":{"type":"Buffer","data":"qvHmWT6kIsx4vtqtPYlKKH+houubNKeAoWnUtL8UgaA="}},"kwBfYorGSZAMX7D1xRTZXB6RtIZYZDCID6aDQDJcePU=":{"valueMac":{"type":"Buffer","data":"iv2i5rg7UIVWKSlp9SbrdL+wAEuDtgaSr1N78kw2v6o="}},"k6PLAlJ+sF9YDHV/+/GXZ/s+s419hn9hl9+0i5uHSXk=":{"valueMac":{"type":"Buffer","data":"g/n+at0hqqtWMbg4r/pEWqVYs7sKo/nExrJymJLTyEY="}},"lEcr32E5NRkPgB6hB4J4FF1lZznkX67576g0Kc50QW4=":{"valueMac":{"type":"Buffer","data":"pCqG1TgLKxUc4HNnShw/TU8qRLmu+ydQOTS5foUZTgI="}},"lF9d2N8FpvEfFJG0sNx+wIIuIt8tYtgMqyRqGQsJ4qk=":{"valueMac":{"type":"Buffer","data":"hiFduZfDsKncnpHHI/DGy1PGPgsIMXT1Fa/b2SBGHi8="}},"lIDEEvigR/vaBDoi/JF6mVgxnQLeuHVGiwBN55EUmSQ=":{"valueMac":{"type":"Buffer","data":"9q/wL62En6eeytZo90arYimT6lhm4Cli6wpSVrU0rFo="}},"lbNtrBofnKGqST9BP7UpZamUZt5iN+T4QsYl/MVlJg8=":{"valueMac":{"type":"Buffer","data":"OEZ6tpd+VfPMgqCxmtjqYiE3a9EXsHIBx3Uxq0lNzBQ="}},"l0x9WFR9mQt7N9ZlH0hPZ/avT/F5BN8XENjRoA3nbhM=":{"valueMac":{"type":"Buffer","data":"VwXTWBGspwzD5t5XmDB5DARLYIRq/XxYHw0BeRucK9U="}},"mGJu6HrpZflYs4UU63SwTZtfrvp5wBxh7xAG4AGSM6o=":{"valueMac":{"type":"Buffer","data":"OAUB2qY+5xrw3eQ4y3pcsEwPo3FSbJn8Cs9eJbCUDI4="}},"mGS+62W2bGSkk+lHzS1wqm7BlAx2dg2s0i6izv86H1g=":{"valueMac":{"type":"Buffer","data":"xLr/+jok0sNTWV0AeV7B606V/NWP0gylehQ1LbC8CWU="}},"mQL/9HieVVBaYhhtD/rCB/9GvVIFUYlv3jNl4SUQlpY=":{"valueMac":{"type":"Buffer","data":"SyhLN1evig7XNRr7pWH5MOngKmgKOtHmKKLL1hd0ccY="}},"mSLzQOgrdIaYTaRXHdTfka8yud/vy9MpiInDoPQhmFg=":{"valueMac":{"type":"Buffer","data":"YFbsf2euF1mWJ13exnagS44uCXkaSHbed81EZK8tRaI="}},"mTvTu+joaEdsUKRBNMAO9ZUr29fbsFLcT2MYZ7f1pBQ=":{"valueMac":{"type":"Buffer","data":"34BfucCv0MrCtTlMFHoR0oru0Stz3gcGeff98pUEuvU="}},"me3A3lbMjiGRos62jqRq1g3NAHgWyxMHc1T4wLM0HNU=":{"valueMac":{"type":"Buffer","data":"Q+NbyzNehOb1a62LPtTILuXUexrWvEDNbBnR4TXWX2g="}},"mo/j0V6kfUdmr1D5QRnWWC61gDhsPb/0y5rXrSYFSB4=":{"valueMac":{"type":"Buffer","data":"ZvJpct/Ag/2tvMVNjLbElw3VD941+5rZqNyIFmibHLU="}},"mpEZIM6k8fKp0a2B8Yx6U1PB87y+Xka959DedeHole0=":{"valueMac":{"type":"Buffer","data":"xHyuM9q8tYnPxAfGJgJDClW6Qz2X/U5c9WNNpBMKAxE="}},"m4mJvmokSXcKsnncZis6VY4QABRvTfS0pS+vQ1XRVKU=":{"valueMac":{"type":"Buffer","data":"XJNfrfZvp8X69CD+WzAbCGMq+ZNO2iMud8/jMCuMLBQ="}},"m4w2PTqYRZ5fsr61tYny4Yj4yfskGvZaPdmoma2xqeM=":{"valueMac":{"type":"Buffer","data":"hkXV3xy0twVdJIvuDyxWASKfnpzyPJm6dhEFzcyAgBc="}},"nADM7CRNbs77SOqLf+thOwyIRuxhcykCCRfEln4DXZg=":{"valueMac":{"type":"Buffer","data":"q9+7fKv44Buqtn9yJvTkDzNqAhKGyzjJ4LntuCggvec="}},"nDMD8V82OHVMM0AqhD5TIQSIbmDsiqzjzzFjGBU8rEM=":{"valueMac":{"type":"Buffer","data":"ryEdI37t93AeIcY6g0QFhwX0ShF2BG9nx0jKCBnPx54="}},"ndXdjGBVzo3pTMalbyuk7aj1P8ctu5uXgUjTccpaobw=":{"valueMac":{"type":"Buffer","data":"vPPhKPBDyVRBMAZ85DNorTmjk4fGeRXNWOy0RVKcn68="}},"nitplS3ZnBLHHOh7d8iOWlGHEo/8EiKHj8qoaVlPeF8=":{"valueMac":{"type":"Buffer","data":"BaL/L8B1YtXYeiq/KFob9gyF0WDt7v9/fi2EZByeWTA="}},"nrz3lQZmpKZ8zqMvLQK+VcD/62eDPmh9Amv+ByJ+mcs=":{"valueMac":{"type":"Buffer","data":"TSjrVMnaPgrhNBXe1iK7ey6zwOM3S1crBaNRZ77LsP8="}},"oJpMERNnPuAK0vJD4qrsQQeYUIIRCvmxus6J0DCHjRM=":{"valueMac":{"type":"Buffer","data":"+nZMTv21pIGh6VsSMFhkUvF0ef+12owqYSWcwSR3px0="}},"oNdz0rl00JqqlZ2xcTdBWoRRhdjHaPeY8gjd88eFapg=":{"valueMac":{"type":"Buffer","data":"xKHzDuTcN8DWKLK4eQQhze32VHbNqTSCSjlTeQZyEe0="}},"oP2teqpTj9MNIuo7AlhFeorYm8IC15heobYECEqETV0=":{"valueMac":{"type":"Buffer","data":"jrH6JhOWfAk+HjE+w14S//ldoFQAgP/OfdTMXhUNuao="}},"oZzvknFdJmOdMh2ZYSdnz4iqypHDqVHMqD1cBNUz+20=":{"valueMac":{"type":"Buffer","data":"14h2rD7ZU5PulPe34Fim2Ga5iLXT5h81OzUa4aDP6ww="}},"ocFKmSkpY1aT4PHcVQ76yGhb7ocnV5mdOPxYlL+53xQ=":{"valueMac":{"type":"Buffer","data":"GelUw36OPAWcGJUXik/jw1NStuggnqox4tgWtRO7EUM="}},"ol45y4w8SiGsshHrkrlOMl0NI9Jzh5+ZQFD/JFXjZpA=":{"valueMac":{"type":"Buffer","data":"d8mjazqEcQO48zOweaZe/miH2k5zGmBYZGxYGcufnh8="}},"orH/VCtovSIebVPCmqJHrb3Flj9gqxnC6l92WJzFLEs=":{"valueMac":{"type":"Buffer","data":"oF6LNOoLEy3j1fkuiJCg169a2MpWHS1w5eviNyWDpnU="}},"o06oqZ/q6A9gL4eTSvES/iSWz6H1ndwYwOM74iZJnjo=":{"valueMac":{"type":"Buffer","data":"GfYRbmpaDCsBtqcA9i4r2nDKPepaqSWfVkecfUZbMk0="}},"o8cV/WtUR7eGyV8ttbbqWh1k+3JQBq7JU7Qq6S+dvwc=":{"valueMac":{"type":"Buffer","data":"DEU5hxIFqZpaCWAru67kT5TaNAfEkN111axpPwi8Qt4="}},"pAgmevwYiSfgmD8IN9gUmzv85bYqj55pyU72p39+/xE=":{"valueMac":{"type":"Buffer","data":"N4v03JwPN2Qs2y9RuZgmZFDXiR1h00kyuYn/2EcBWIg="}},"pgC1gPK6OaO/blL5SziuzVlwgZ1a8K/KgjNSmWllLYw=":{"valueMac":{"type":"Buffer","data":"QdCn0pGG+IrzPKm57x11TM1vIgX63NFwU3cBwZ2u/SE="}},"qBjmVNKP1aGzqJ8qEgaeZm73TydhcxrWhPJImIBT9U0=":{"valueMac":{"type":"Buffer","data":"cQRZTzCzkIwZdQL6wBddWSPd+m6RtG/YP33JvH9XSZs="}},"qN1G3gP2DIiL4KEV7CVNnXz3tat+kvPAlnF09etTGew=":{"valueMac":{"type":"Buffer","data":"KugFmqntLq1zYPUyK/6YcdqP4WzLQn1V19ycmX3w700="}},"qQk9iEKIvkebcPNAriQayBRfLUn+b0cd8VtFkv0YySU=":{"valueMac":{"type":"Buffer","data":"YzJqOEhV2q183tJfGr6W767DwWzdKsCij6dq3VyJ3UE="}},"qXlkAgzzdnl728T3EsoEH+4cc2gUjecXegQ2q/PZ0gw=":{"valueMac":{"type":"Buffer","data":"P92ogqkwsm52zfc8SpVKKyEPHTwQSfbk4UuLC2mFEJk="}},"qabiVspG/4994GMYT9eqCgcj9VRACEfcL0R6Wkzc3J8=":{"valueMac":{"type":"Buffer","data":"s0vlobhb3BtEqjFIl5+pPiuC5vnDRarZviS1pGMWTM8="}},"qkS/T5TPGBmllQGiD6D330WeiBaI0yihx7zMJto5gQM=":{"valueMac":{"type":"Buffer","data":"SJOGZ/AYq/Gp3OTlsWmCPQ57zTRRWG6wQ/+72B+XZSw="}},"q7uwDOVPpTIpzCSNd8FJq3fYgusmdQgiMVtMvNdwVmk=":{"valueMac":{"type":"Buffer","data":"NOcW6vI9wXVmJ8dqU+9anlGO9172wSTve6bafIkaaYA="}},"q/lcPBz65ckV0m9ze6pCX2vlAZDV5GkxGZJpt2V1vZQ=":{"valueMac":{"type":"Buffer","data":"gFztas8S2dJIYMU9CTmHBI9+WPsM+ZBjR3pvKDfWeCA="}},"rg6Z23RkHPMWGUOhJSCMlXxKyvGJLfKVzgQAOo6G1ao=":{"valueMac":{"type":"Buffer","data":"OpZGnrM+5f32qzPjJSQwCPLGQyNo/J1p/v7VtveYk0A="}},"rwc7hu8spXNTLwiR7i7yBppuG6+89KMR+9g4nOINIAc=":{"valueMac":{"type":"Buffer","data":"HmCyAOeFHNO0aXk4mRHWZeP1s3SAwGCVSvk5QDz49Nw="}},"r2MGUR8HRhNIn0GDjQeNOGlJrneSRPwidIvXFBGT6uc=":{"valueMac":{"type":"Buffer","data":"SJuIXtIU5PPEGZ62dMgyK18t6X6FjeLeBROZ/lllaO4="}},"sE8PXoz3Mbg7RV/QYTV7XtxzxH3LOTIVH73k5DmV6og=":{"valueMac":{"type":"Buffer","data":"FxGK+hAtU9+2H7avNpopP/oA7EpoGcdVxdh2+z3G0sk="}},"sFj5j9O6v+RsxmEnk2JAALzpEsBtPDxRYVKOXDVNiXQ=":{"valueMac":{"type":"Buffer","data":"ir9oiUd93mmwFzhhfS3LeseOd7Vl6AH+ut+pMYk8mjo="}},"sTEGTG7tI1EVjxrjQJQFsyViHULxJteNOHTVSEM3X+c=":{"valueMac":{"type":"Buffer","data":"g3nlM7jlWyRCmQdWvPThqo/7rDaNge0ZGEl2jKfQVNQ="}},"sWh1tXEQq3njZ2+h06iyvGhTwAWtKDuBE99TxWBcjAU=":{"valueMac":{"type":"Buffer","data":"4XFZ7N8Log/CwLEO39lYXMZSkCCsO/a4+Yae/JwQICw="}},"ssEPjjrafH/hEhFNeCIi+PrXc/q4ghe+LPDXZexr8PQ=":{"valueMac":{"type":"Buffer","data":"w0b5TZcHfD7P7fOSwrC4xg/TOF2aWpFWTr1TbRomDl0="}},"swik3vm0AUgxVodUK+cBResa0bhbkx1Mm/8Jg5WvHtw=":{"valueMac":{"type":"Buffer","data":"vThebVH3uaZVRjIFYXMKlr6xbRum3bsUxgHk5RKe/mk="}},"sw0xrk7GF+HqKPbTgFlchaDb5gsIt/RkRY5VjcHcNSc=":{"valueMac":{"type":"Buffer","data":"5xKt8xAcq2kwfKy3yXT3p0mc9HIlC0319x8ztaBvFmA="}},"tBrvkAdkjlXGzTyWYA01jhHm9hXED9iiJOWHlfNT0TM=":{"valueMac":{"type":"Buffer","data":"WFh7K5w5xUHWSpnbrLF/Ovs6p7boBSUVatDDnAXNFiM="}},"tH0Di15QP5TKozz7FSTWS0JhkfTT9mIK4iYw2+Gjx/w=":{"valueMac":{"type":"Buffer","data":"bo1Ye9Mpi632Hk9SH4W+gDHLr9QHzALGpb3zAuGrlp0="}},"tISnC/WES+Lw4LiKtkbbH4FhU55rzcUUpkJ3Ge00eDA=":{"valueMac":{"type":"Buffer","data":"/1viY4Tct4l/H2Er2t7V48Y3dhSrjrWp4i5HSgQ5oAM="}},"tP1T7D8pfW2XiEa08jOD2nQvqGNimWk8vzV/x8tTW04=":{"valueMac":{"type":"Buffer","data":"0sJTl+O4ktqlzbqaIaYr9nfCWgbPGB5YR5CWoay0838="}},"tb8ix2P74PE29XwKC9zLRv/3Sht9vsCTT/58bmmpTtU=":{"valueMac":{"type":"Buffer","data":"UIqhJl1D/2o/CsnxdtLGwIiI42XGkJaeadPh59mPLMM="}},"ttuajyqZEFJsgKc/T1oTwf96nMSQCa95rJiD4xiQtIo=":{"valueMac":{"type":"Buffer","data":"LdKPrK4swYK3UelSz+EfN9wml2kWjeNCta6wOm9xdDE="}},"tyUrGItUn2hD1hLadTG3x6iMi3WHtdKqKzaTRnoPW1Q=":{"valueMac":{"type":"Buffer","data":"K8v/W4L1o/0uMrQ/QXpTvQlVxjXyYGDPcaOtcSxnG+M="}},"uNdYIC/UIsjebS9OCGu57rGM8Wy+ggbYW8S9bGmbDqE=":{"valueMac":{"type":"Buffer","data":"dqK0UjCvcopLPApOvybOxkcla6SKq7KB0ZzzST/KUgU="}},"uQF4lJxMNyx4dCxpbkmvgM/xMY/olpuqedi/NrMwYaE=":{"valueMac":{"type":"Buffer","data":"nme0l+GQMpQTnA0/fLds0RyRjibGKzw+UcUZqdxUJYs="}},"uSaveLRYU8NZZP2YjEtb6SPeznOTJG4aKPd2iIG5zgc=":{"valueMac":{"type":"Buffer","data":"U9op567NVP+bWwBwTeo95PoO2vEoJJ+e5K8KEiTh1BM="}},"uf6obSqHNVWtdZ2Hxh0waAio35pdClQt/bo+mj+z6K4=":{"valueMac":{"type":"Buffer","data":"ohPG0a7sYVh9UIljeCj5DmRwIvy1MY6wSS7b+qkrL/4="}},"umqGu7HzS4SQGDE2PRigKDPZKAin0DY5Lfg9UPbi6m0=":{"valueMac":{"type":"Buffer","data":"Oe0qRre2FcG8+mQwi+7GumkW++FPPHBfyzzG5tDiXDQ="}},"u2mJA9h9FXxKcIQVzd1/Qy7LVFUO94b3HZJv4/hgH8E=":{"valueMac":{"type":"Buffer","data":"qVxpUSoQKXvRVCJOlrHdIJSZ0RJ5u5uADuTttz/bk3g="}},"u+6CyVXlCos5T6VK0Rzm07vDWLksk117q4xESOEh3uY=":{"valueMac":{"type":"Buffer","data":"fSEBYX4/AeIcJkt5sq18rr8EOdppJNdLUABj10jK5gI="}},"u/h+kxrxYAzaDgtsO1WYuOjLE3qCS7tDcH+SLt5vBCE=":{"valueMac":{"type":"Buffer","data":"5Bixqdz5K+mEexdddjM/MU2WUaGxYcypKAAwl81B9ww="}},"vMTw3FyhZbci6BmknQrntO3L1PoNA43sVFModpqHgok=":{"valueMac":{"type":"Buffer","data":"gUZERifQ/2Q6zNwNbYsEcbpfNI1pN30pzX500W5N74s="}},"vUHoodcaNbSLxzP2UDO+tubRNKv0Eqoj4VOUk3zTL7M=":{"valueMac":{"type":"Buffer","data":"B0jjnTjHngf+fX/ijV7zufR/8LDyB+QIq1dfLXIU9DM="}},"vcstH0qsBeQFvkJ9odPuGK/Ehh//kdpJDm7HbW+jMEs=":{"valueMac":{"type":"Buffer","data":"SYzd2+30f0ykb1RO7OvcfztAbMYn6eABkCoWB/KPaB8="}},"veK+hdJtxWNsp5OGAH0Ex2UQ+Pf3VaWkP1B7bt9UNY4=":{"valueMac":{"type":"Buffer","data":"7tDgojgPCktzqBfJG7wRuN1tFTW5gB+xC4CqgAicKGA="}},"v3FeaE0t6ad75t4TpCd+DPwnw9yIPUUURM0Ud7ruymg=":{"valueMac":{"type":"Buffer","data":"MaG2SZccpXl4srOrCoGyfm+JbptAL+GAy1m2Ymun/ys="}},"v4STllayk7cqqK81n+c+sFKP90LuY5gfaW0tOBpeyl8=":{"valueMac":{"type":"Buffer","data":"mF0SkFvj+6IfF2CLLw0t7jm4H0Il4y05P/evMUGGGH0="}},"wLgMk415pxjoUWEVVzQlQgMQM8YOavHNVOzcM5Q5gvQ=":{"valueMac":{"type":"Buffer","data":"D1fDIjr6uK1HdWZGzOeagyqYO4+atzkKCQFyJn6URAc="}},"wYDH5kbUS3RCAU03dnZ5/hCnEZ+hinhfKFO978l111M=":{"valueMac":{"type":"Buffer","data":"rDAU/FYZjPLRnxvOWSBWZDnrVgGdr/QOfcWDQ03tE6U="}},"wgT7g64KoFI+SFGAskQvMW4C4xGD3EjCn731mpmB7j8=":{"valueMac":{"type":"Buffer","data":"nuZFn543xEwD8gfU/RNeWnDLjfDR1oM1YxBAVy2Acro="}},"wrdDAY09K4b1hMINkAdnhqrWrhgvlgR2TMn6ZKZEvKE=":{"valueMac":{"type":"Buffer","data":"L3lHhbceprZZYfVZNIC88hlPzmSUMWAifovB1jEz58Y="}},"wxgUko7CfsqfsMHggy44okISNTvsDHqA8lsWpUVperg=":{"valueMac":{"type":"Buffer","data":"9YTB0BJqzEpRsb1gIXpkMyIgyoaYIhpTs/IJaaBAgtc="}},"w17+YVelAKR3FQItZq4MOZUOhDdatzYm9eKn/PL7Hzc=":{"valueMac":{"type":"Buffer","data":"b1XX67UBLkDNxQ/AundQvBlpoh7rZXgAdyjRZ7NyzyQ="}},"w+66brvhduzxItiEsCo+a6GlwX5vgb3L0UHlk04XFUo=":{"valueMac":{"type":"Buffer","data":"P/6H9jtmFSa7+nDz8wtG6KGHvjt2iZrtxBU0VgVwvbk="}},"xCfUca7Re5Ey0FF45biHs2qQtAYajtnHAFzwg8a96CA=":{"valueMac":{"type":"Buffer","data":"9ILn3GSNP4sC3eSgDmH1+GASM8qD3ujGjSQVS3h1RVk="}},"xFPbNLZbXBz5Atgr643cxlE1LSUJsz7x56u+KpUMkSU=":{"valueMac":{"type":"Buffer","data":"wfBXMPdUEisFxnj1rbtORkg/v1dyQFOHNunhn2ST7m4="}},"xdMwQS9rEG9NGMXzM9rVg3l5OcuNNsGkv2WvCGJWPkE=":{"valueMac":{"type":"Buffer","data":"jUCchtZGW1iaZyQyO5xVfCLSsRHMMlzazPsjQVz3qtI="}},"xn6UaPaBeqrmibvVQ9s9jfWZibZbqC6MhzmFMiwCPtg=":{"valueMac":{"type":"Buffer","data":"c+5TIL3drV8aJZ3uvWlqYYHZhj6wvI0PC6UZ0rO+Eak="}},"yJaPtyWndQY7QBugXOtjNmPhIvTAkGCJr2Fl0HNKihs=":{"valueMac":{"type":"Buffer","data":"WBEbxz+uilaTK7VZUpeH3362EjV6n06NWjP/aCCOHhc="}},"yfA2sAeo33MTOT5WVzoj022MLQLjlPGVPXiWvBuqGvg=":{"valueMac":{"type":"Buffer","data":"Jfmdzk8yCRDG9oQSaKD1uN2LmiVhkLVqa1/zPo3pijI="}},"ykdBD5XHlmeyO5IiWMcGDG4G8LPCRVyCHBe3VzlkbnI=":{"valueMac":{"type":"Buffer","data":"qQ6FQVvxQask+UsY5UPkhDY0ZDzDFOzSl3QH6ABYwnw="}},"ynuuz0Q5Vc9UTCpkHeW6UukBaWRhwTWbS/vFuGKxYdk=":{"valueMac":{"type":"Buffer","data":"Mf6k7RKW3e0JL7Z0+aOyWDsqzXBfbtE02gc7R1q/Oys="}},"yw1lu9eztxCPEFB1VfVlEZDpn13b/fNTjW9Jma5Dvog=":{"valueMac":{"type":"Buffer","data":"owU6eNhku2kbZSdTqpZLYMUTpZZJevBIheQKdKCXcXs="}},"yzkz9x7+i56sXfTFpkumXEtjeK6WQ24iWKrQ5Tlc3kM=":{"valueMac":{"type":"Buffer","data":"vbiC14Qkk/Pdnt75gwgpYkycNTuJ4mSRTAkijOgbFiQ="}},"zKaX8Q97ssUOUVcZUjD94xDnBPhwQZdYOR5sipvabfA=":{"valueMac":{"type":"Buffer","data":"PI5IhC0V9lDzyOeJS4Oo1hCPiodoBT0x8Lu9q4/R9IY="}},"zkT7Ox3Q1uvu+tgAfdw7Hip/g/2f4LzwYZlVJ6WdGlA=":{"valueMac":{"type":"Buffer","data":"3XeShAhcTSKExm7XNsVkfjKtmekQF7vZqTfXbd/4XSg="}},"z2utAbaqdTHYU0mbBK46CFGt7d2Iv/IvsJ8/8o2KulQ=":{"valueMac":{"type":"Buffer","data":"9gExFdcYQuoqAeEPyr2+WWkLEhxbCl/hh5lz22k1ibg="}},"0KfyJZniQs/q1Pv7KKkaytWyXPooscVoGttEK0p1nY0=":{"valueMac":{"type":"Buffer","data":"oTMeXsIQq41rLkSIt0uXFzYn/OpWIacplw1UxMZqr0Y="}},"0NwIIeV58vFoOKssufbXi8VPlwIjeR1s6+RGRbGA7Sc=":{"valueMac":{"type":"Buffer","data":"+H/jK6yBmlkNORoxxhaEt4T0e+rPhdMnJJFZij7E/Gs="}},"0d211np8AhTlhrQRhAOYcjSUKfhiv635kmf09/fC1bU=":{"valueMac":{"type":"Buffer","data":"WBOLATC4Se715cv98vVIqWwhIlI6SMQ+sE9Aw23HH40="}},"0d/YcIz2cBNdm7cXSOaphJK6YT/dlV+FR4yHAsJLBq8=":{"valueMac":{"type":"Buffer","data":"dhxi/AYseL4kjQyc+2WDhq0beks/9B3y1GfBRV7GTlc="}},"1I/5vztgQwxxpmPC8Q1mGQjwJsgMz4MPSwEslrOeqkI=":{"valueMac":{"type":"Buffer","data":"p1Ua6RY92/kCckl/+LuAEJk4fMfyjAJONCixeLeIMG0="}},"1LP4Dzbi8Tj1ftPxrQQeE2XEh0jePUUHBYUVqn3w2lk=":{"valueMac":{"type":"Buffer","data":"YqzyJtj/DNNhEMIklCJwP6evXmA2G8JLGPaGyGLAlRA="}},"1eldq8XzjqtEwCtjnH+heTL9SlpH6SNQS+oMz35+0L4=":{"valueMac":{"type":"Buffer","data":"N9jILRQn2ima0kMgpR8wVH1GWnM7PxtuG/4jXog2MyQ="}},"11zYwqpm2SJtr8ykwYpbmWXN2v6G1lDeUsKDTr38l84=":{"valueMac":{"type":"Buffer","data":"ETAO5+oih68t1311wiVa5XD7oKmoCCJuvKdvYFBpTJQ="}},"19dYp0m2vGrCSoqvkdH85MqbAU+nztnw+9ERBfq9L50=":{"valueMac":{"type":"Buffer","data":"aeeb/ZceRRTUfwmWC2RoKE/C7SnfGLwwKCgdBYz2XnM="}},"2JCZShcOrN19rR5kwjme/mTUBEzPq7V4Xp6cEjSZSBk=":{"valueMac":{"type":"Buffer","data":"W1YFrP0YAwhspGHnODJ11Isv6O0De6ALgtXAxASLFWQ="}},"2VMsi9pglGDtiH4iLEYatYiJfq9Ob4uBblESQTOXAtk=":{"valueMac":{"type":"Buffer","data":"Ac4UyFVyomFpt4UICsn9RNZW4zD2VxwUXnA43GxXLJ4="}},"2h1vBuqaeUzjLh04tFWIqisqR+VZnlc7Akfpf0LdwHc=":{"valueMac":{"type":"Buffer","data":"Myk4PCR8UouC9G8Vw4kQh/IUoApt09MifnfdD/7O/NA="}},"25vqjfqM9hMzM4J32RnzW0masTI4B+sKStRHi3iZr0w=":{"valueMac":{"type":"Buffer","data":"nQ8kAeYVhDGMR98znjdgWpPYSyrNgSWddMdvGzfw7s8="}},"2+BUdOH+0BmJxgc8Q+nFs00bTRHK0vt7KB+PqgoWd7s=":{"valueMac":{"type":"Buffer","data":"hgczZcDTEjBD2Xgo5EhLlTMuNlOgFax2Z8AaJESmO8U="}},"2+VIjOukrmcES+R9CS4dMp/Oy0/6eF9jsmVes0jDMaA=":{"valueMac":{"type":"Buffer","data":"ZwKG0aHn2YKqLivyvNCYn7UwnEjLjHNk7u3sdL0OUc0="}},"3JAvwISIUsz9KDQcSPw6AMS9Itkt/Q7Xb388Us4LFi8=":{"valueMac":{"type":"Buffer","data":"+FwVwy5Lk6F4nbbC2K5qDjs+jKQ3k0VXYHC0/TaXtwk="}},"3MZlf4KxpGOmlnO0qX9q3sW13UAwlRVbL56ceLgWCV8=":{"valueMac":{"type":"Buffer","data":"JOUpiNT9x0htuLl3K4faHr2qISYKn1p5lH4bRdn4/Ns="}},"3YeJmfGDoiRFvf0j1GJig6iRlKbIZWplBc94/VtvquE=":{"valueMac":{"type":"Buffer","data":"U6MpM96wfng24Tpp+m3khGFzk4GbKYYUSY3GDJyHvM0="}},"3an7BDF5McWtN0jS0cLHZ0ldP3g0Z89f3xRzvSdaS+o=":{"valueMac":{"type":"Buffer","data":"Eb+k0jHnFWWBWkhLgF7qTGKQFNkc93IlHh2ZkzQeSoU="}},"3lgWi1schW2ig01T8FXUOZYWselSSfb8H+Blw+hBg7g=":{"valueMac":{"type":"Buffer","data":"Zdbgtl/e23IWjkuOEMOAK+OCyfyOnGfk9ndAXYHjdsM="}},"3vM2EewtxRRXalKvIwUoedVrYRGvytPy50Ipzzgg1TA=":{"valueMac":{"type":"Buffer","data":"eL/0bAXQKJdhG6INBmq05O8SYzfqk86zsmTIIWuX2R4="}},"36DXuGcQBwpuAQB39krgKfpXTy8g3V12i5PXQobVrd4=":{"valueMac":{"type":"Buffer","data":"v9w1RIRMe7sH22jwzBQntQO3Q/e/ir1InTDElnXWWTQ="}},"360+Mjv6/i/ynvvD4ZTFyAmtqRycXUOEF3wjz3NVl1A=":{"valueMac":{"type":"Buffer","data":"mM+mCgJzXcRTlCMNaFEN5Rny/DZRL3kWS3AI1saBoQE="}},"4Ev+l37W39bqu98sTTL8bMxqbT+n0kiuZiXo+2bmSXw=":{"valueMac":{"type":"Buffer","data":"RhV1zDmvyu3l+0Bfa5vLLRavQYjL3TELwE1FfrtLE3I="}},"4T6RcUF7GZg+tj8I8kCUfDXP1G9kdbx20ab7jfFCFVg=":{"valueMac":{"type":"Buffer","data":"ukBodN29PaQVs6i/LnlPGUdlqz6eof5zs6XW4gqNeVQ="}},"4ezXfYgrlKuurqKyRcMc5e+rHWspe+uTqRVgnO0uCc4=":{"valueMac":{"type":"Buffer","data":"yErwpnEWJuIe5l9DGjVnMDJVJjGPDekAEKHNiWvTXMI="}},"4xkRgCs0AcF0qxbEvSJAxF/kWG6+kWY41atH9x35CMk=":{"valueMac":{"type":"Buffer","data":"AFNh7e5Wnnw3POKTqH5j4v4OL8kd46swRMHky8FoZ9Q="}},"44ybtXKmdwbyRiWcKq8hMts5BHTv4WyyqPLQGlWDVPI=":{"valueMac":{"type":"Buffer","data":"+vrBReru7/yzanpJVT0Lco4ZtowjC5ESUE6JW3c3H6A="}},"4+ZgMWC1hvKIWNvejGxahoxPxhMMCHLq56RISsY9HqU=":{"valueMac":{"type":"Buffer","data":"x8SckEnZY+Y94igyXwFKf9AXl2hqo9+ZaGVLjVuXALQ="}},"6FacpB7O44R4MhHCVMK0+WR8epqhO/oqmUmR9/dnygc=":{"valueMac":{"type":"Buffer","data":"a+FwaCP9er2O1VRdcwdu3QJWorO+D/GUKfulr/t0HMI="}},"6Hw1gLwW4bUYAGr8pO1xw/yM+XU0GpZjW37WtuIUW0w=":{"valueMac":{"type":"Buffer","data":"04zoEeV++d1leR8mOzcbrCoY4WCcLOth7mSweDm1c0I="}},"6NPjJQRBmCpN//AkXqiYCIWXIXwY7AtmGwM6R6GcEWg=":{"valueMac":{"type":"Buffer","data":"E56cIZinXWHJYKx9MKrZ0iXvsZoa+27blQnhdQNGM8o="}},"6YOUt6ZrhWq/RERd20VZ9HE7HSeeDmpHmDVH9WK9iYA=":{"valueMac":{"type":"Buffer","data":"zaC7YZ+WN0MTHKz6I/vZfGxDhdfPjwL1eIsS63de0vs="}},"6aSh1iE+gpQtaGn5P7G8+rk8t9e7o1TGq+H3LkUOXDk=":{"valueMac":{"type":"Buffer","data":"6v/Vz/6V9ms8n29CJWiZGyzdfMfs9vaU43iZRRlIsdU="}},"6y4UlbhFj0ccbaw9J3ngRL6tY6u3I4v/rVEVh8xC8mM=":{"valueMac":{"type":"Buffer","data":"8vza/GqdMCexPO64XtNdfCxZT/ValB1BAyDBku1lyiY="}},"60inOMLyj1WRY2Adi2kaCzDunvRr+tApzZwhZ4GfE18=":{"valueMac":{"type":"Buffer","data":"Y7pqiYjo0qZRcITLtn6d1x3wqQDfCtmhc4vgi4VGWl0="}},"6561CMhryK5PmAwPA2bdQHCcrflq/hjgzjnvtvXHtmM=":{"valueMac":{"type":"Buffer","data":"G84983519CGnAMAs626Tx5obTgRD1E16r4TdomiI120="}},"67tk/JrEp1fMZ4gzDfeB1qP52mX7eyQW5Lfuf94wsno=":{"valueMac":{"type":"Buffer","data":"m7CGWNkhELi8SS7akaeEbQNzP6wInzKc5NLE+tj5j1w="}},"6+iE+J6D7yCUc5ghpWQrT5QjT3G985W3Rk+nve96E18=":{"valueMac":{"type":"Buffer","data":"tf7gUcFJfs8Q48yOvUApbhPC4icEOaFBCV27KW6sTJQ="}},"7EIJd52oa/IsMcRUI6jnE7aMoFCF+w9aTOW2jGl73+M=":{"valueMac":{"type":"Buffer","data":"S26zmqElrqFRpUUvOAovt1a9G3f8TElEjQR+loJdBpk="}},"7KFrVTZfTy9SI35lXkXsz5XptnFMe0UlwQYycf0hIeI=":{"valueMac":{"type":"Buffer","data":"qpvIqhn0FgDZMlETsEKhE54seVi0Zv+GZjQ7PAFug40="}},"7LdXUiCV0+Z+0LWJuAf1NK9lNu1d26s8YNLFIgpazqQ=":{"valueMac":{"type":"Buffer","data":"9g6YjB2QHfanOyp4ui5vv739OTObt8IREH/H8rP1kVo="}},"7bvsTLDUfwxaq0x7z9yd2XzNFTnLptWBi3x1lLr0/5Y=":{"valueMac":{"type":"Buffer","data":"37OYRgeV/faMw+QwBALDgVmdBUZAEsUhQc1PGy0nKYU="}},"7kdP7U8bCDwsS59OOdRzAlnH2aqdr/bADngBRoe9Wzg=":{"valueMac":{"type":"Buffer","data":"w70mSDoZv8lirBTMQ7ffwKCePxH7Dpkbqw9/bnA42+U="}},"72ev1P+XoNTIXzwVCzv3XQM4LUcZnqkBXYox0b/Q7lE=":{"valueMac":{"type":"Buffer","data":"dcbaeIt/vcJsP/nBG5eKDGNIqQEHNfJYY5VjMeIej8E="}},"8Yuou+9/bedBNxU/XxklWDf+OnNxFKvK4pQFPM7/xAQ=":{"valueMac":{"type":"Buffer","data":"91JF2H9DwZlI2mNJUpL75uvJ8WhUWRV2y0DkWL+AkmM="}},"84OSCKYCRPRLFM6YWb6rJRseEzNi8HzFeLebHoh64jc=":{"valueMac":{"type":"Buffer","data":"eWJ+kPf0nBzM4CeYLsbLzKaAR3GcOBUx3EJnzCt1VFs="}},"9El6EgJxYsFnQmjmkoddMtBM1EIrvhzEG6hC01LDyHw=":{"valueMac":{"type":"Buffer","data":"24wVHLR0GDoRk8OA5eqrD1h2XGjQeGeTdjjswu7RCg0="}},"9X2HWkIVIV8xUotDTZ2LxhUm3BlNtDPOWMef8HdjTYo=":{"valueMac":{"type":"Buffer","data":"ASlIKFVFwaUFbzXHewEGXteD3q/TOdu9mfXsPW2EczQ="}},"9Z7m4u3GbwAUwO0IXtt7VO+75jPdJaWEQ2weIcGIAIk=":{"valueMac":{"type":"Buffer","data":"6yaqzWMQlETA6DyLl/mOjuK6LE+bOEpgWlByVL14OXM="}},"9rrDUZ4C+tmNe9rCm40Shls9wi+Z9l+H7xGE116W4ds=":{"valueMac":{"type":"Buffer","data":"Dckx83/wdYJ2rdzt2tnT+4EEzsSoGf2D+wZGYIfpnkk="}},"+HP6P6FOqEEXF0I8qfcQDYL/UW6mBJzVQ6FX/uuTM3U=":{"valueMac":{"type":"Buffer","data":"4Atvs53joJTnJw9862snXUuYCJ0A1VxG2Uh58vurS/g="}},"+L2ZsrdUIf4qF0ns1Nv5a0oSkrMj+4kVFOGnBUQ5Xos=":{"valueMac":{"type":"Buffer","data":"5f7wX/BYxYxPYvZgQiw859l24+gqpEurQxXFT/W5RPc="}},"+MKpI+jBLsBoea4m4HdmH4OghadolBkFCPcHXneZqQg=":{"valueMac":{"type":"Buffer","data":"jxk2m31kSfX1UopSrl+8Dxham4ifwDP3eupSe5Yy1/o="}},"++0eBygHKYI0H7TIQ0KjTAkGhZt+6AWcXFfOe3xHwe4=":{"valueMac":{"type":"Buffer","data":"GXeRSOjyplO+o3V3CwhjyZ5rALnoXqtfMcgnsfDa9XM="}},"/+p100nRlZuNSbrj4+ifGWFZAxKaLPI7fLGyr1osbi8=":{"valueMac":{"type":"Buffer","data":"ACTAyqJqZgtMpNJ0YP+hWStZ25NTDL2kYrfLuS8pk6M="}}}}