{"version":53,"hash":{"type":"Buffer","data":"GEfCB5eFBthkok0/6gCfMTFVR2NHLADEuzvOV6xAHLuIWsjM0DjO+oHucqW7tyWMcimLKLNgq27hD6SNuxwqJRj3osjFfb5wwBouA5jblILsCSTO9k/LSyTxDgkJmln5uwNLPf2oZxhbDXHFlGZ7dWZb6Igu9otrdMS1icc+gB0="},"indexValueMap":{"G57JWKXv9Ae+0/PCF09bgYq24H669a8Sv/2nKhjmrLk=":{"valueMac":{"type":"Buffer","data":"X8bPMqGaat8/B8QwBsxr7x1dNXY80NClyROqfMDkSgs="}},"PhZejK0AjfVhMCZAKZwbyVRqziKJusmKCWr91Re4JNs=":{"valueMac":{"type":"Buffer","data":"9Om03QT3rVVuv4xKNmLQfO1fnu7qGK3OovS0eSImG44="}},"kM2zDYUaP0m1RhQ/+LyiWp9T2bDY5JJhGT3PDkMgyUs=":{"valueMac":{"type":"Buffer","data":"UTKdleh5MWxlWRdVqogNCla50OtbAPgfAHrQpQBEfmk="}},"k+H8osAriMrS2gqfINcpjjwY9BlJKuBmdCFAkdEFtRw=":{"valueMac":{"type":"Buffer","data":"1lK10cte364p1hfkBOruu00EhdumHyCZ5/P1kMYagyE="}},"rxmll0p0NKPpuZA1qcp8H63JkV1KadA4HMb0ycyeSvE=":{"valueMac":{"type":"Buffer","data":"TqtS18fSUF5BpOAbGoOQL5uZui6Smk14udTveRvxJog="}},"7CGkZE0M0jQ2tidsmT0KBgvC4kPtU4NqJs/XmnPj/EM=":{"valueMac":{"type":"Buffer","data":"N0vohbmrODnNTJDaqEt/fWOAgNdCb5ZEkqvZv7E9PW8="}},"us4ftklxyy0vCFNMXV5Yb6F0emQ60KxUhC9eW4EZ8xM=":{"valueMac":{"type":"Buffer","data":"jysLEG26k1uH9rO/E2QCzC1EXEOI9upaYIyaGWPtY7g="}},"46QSagLZj2TEuXdh7nrOoENedt7wz8Vq4A+TL9Oqlh4=":{"valueMac":{"type":"Buffer","data":"KjUDtsEpPSC6M9vjQCzI2mtAXxp/o1Ich04D2x5apVk="}},"QFPRv57Lk83pWC6cqHWimZNZkakEFyJnMCZOKPE+Bw0=":{"valueMac":{"type":"Buffer","data":"TqEofX/qxfCUGklMfzA/H9rfDWSVZXcDuNCIF4VXOh0="}},"xHPPIyo7U2KXOIvCfttwlraayp4HgUis8UHeXl4/7io=":{"valueMac":{"type":"Buffer","data":"LpWHA7my/8CJG39eQfh/8XcbI6yA2gE+pb6UlIR0wIU="}},"D53VfzS3Y8Wep8+3GIZcOwi6DbeW1mGxENbFS5sBqjQ=":{"valueMac":{"type":"Buffer","data":"27/xMehSucPrgfHmwZetoEU7GH/hUPv9fJ7/krGOPUU="}}}}