{"version":16,"hash":{"type":"Buffer","data":"AsMk9/YZLZsPhTyuMHNVKpoUDMhXJWCpUZYzE2mJyzihyARL2bXVqI+tMlC7J2m/1Ptpthnedd4XfeNdPr8D9GnNRvdsnl9PhQY1aXgpsCbAYcns9EeTX7th5Z74SDoECky2jNFSVPrp0e1SPozndrFgPWNzlP+rlMhFVhQeXso="},"indexValueMap":{"TyfdJcLP84b5z+O6na6WSvmMLgppC8Tm/61lfEOtLqM=":{"valueMac":{"type":"Buffer","data":"cc9Cw2zp2BFpwQ4moaQd3UT6fgZAwrJ4u+4dGWnpSEE="}},"VC1+7j1ZcaMQQJbH8Yp76l89hQOq+0ZM9MoO5yhyXAQ=":{"valueMac":{"type":"Buffer","data":"Nzz+gzZGRMN7fwTj/oVAld8J0sbbwEfrqaPTyuQK8Co="}},"WsX8ifk+XQLVkA5DUtXqquO1eBldxT11yIHcZPx3AcI=":{"valueMac":{"type":"Buffer","data":"Zww+YYAlPcXr4PYXn3OgY3sFxQUyNADqJatKldoVIlI="}},"Z63cBUa1Pmb9FDBBYyx3SWdmqJHCDUwdqOy1G+V4Vhc=":{"valueMac":{"type":"Buffer","data":"rxbg5Tt5OYoPDYiLVd69xXceHkfEhOqIaJZEHreM3xY="}},"a+wsiyGbOhyZqONNxx/iOU7QzPyVFfAyAAwLu7TeCXc=":{"valueMac":{"type":"Buffer","data":"v9XtQGsZoYNDxAbW6FEHNYdedpxthEXITTBMpmWZTnU="}},"kDh89jfQ478o2+vocxIs/JLW8LcZwEf96pdpw1LCVMs=":{"valueMac":{"type":"Buffer","data":"QDhlddYYDmKl8iZbGB5qzFUPzE/+0JA+mcFhyXFi73c="}},"kTwzlidxO5MYsliVguiFEmS7n7GDXGtR+C/rY8SI234=":{"valueMac":{"type":"Buffer","data":"+3jGZ5XZRLM4lT8GpPmZ43g9hqiX4nh17sMYVqXZ6Io="}},"n9gs+JKUJzSjJldPg950wYfat83E+NYXQujOQhnBxCg=":{"valueMac":{"type":"Buffer","data":"+hAhaQxIrGAL8yyUCEninNurLKtbGQaYdeGYiqEVfNA="}},"2y4iNhrDj6BPddKgPyyWpANkutgmIiwfdvyMvmlYWOw=":{"valueMac":{"type":"Buffer","data":"TTPdKV2/IXjCC0SF3lVxNosxnw25L1ByjAJs1AfdaWs="}},"3U2batVEu4It1O9Ljt6+ujnMt62IHQHhGqWYQBhFlH0=":{"valueMac":{"type":"Buffer","data":"DMOANdYgzOrhH9NdCEd68ueUnNEGA0+t0UJDWm1cT4M="}}}}