{"noiseKey":{"private":{"type":"Buffer","data":"WBHPqRZhcZMHKDo7I4jbqXbHfA8dDaXRyhB53WbkcFo="},"public":{"type":"Buffer","data":"gDSX5Dl+oU2ZILM1ph3a+me7NGH8wOTDSO9cENQfckk="}},"pairingEphemeralKeyPair":{"private":{"type":"Buffer","data":"0MB//HkQQwIzAJxpQPgh+kv6jbilQtVdlrPsGNdaTUM="},"public":{"type":"Buffer","data":"flDn0J+r3VFcd5noyIshuyHJNCGyLpkyoPOneItc6Qs="}},"signedIdentityKey":{"private":{"type":"Buffer","data":"aLaTs5TtX2FTtBpSbIXdtoFuu523g+zkpkAdIyDaAn4="},"public":{"type":"Buffer","data":"cDCS3/UjKyegIMYOUwAO7SiMi+diFlG+1RW/egIuK0w="}},"signedPreKey":{"keyPair":{"private":{"type":"Buffer","data":"8IUbEkrfnG3b8m2dr6jwSRtMui6DtBY03/Vk5CHTmXA="},"public":{"type":"Buffer","data":"d5Gx+4InmoBUMv+9hBaZnFka+EZoyQa/FMmEVkBNeFo="}},"signature":{"type":"Buffer","data":"AcBpW98cb//DQYyJdpD1kH0alcI44Dc3vhnA6gpwqZCJOXkdD74im9/YZpKR4dwJl/Rwt5YMgFV3GXkQAKIBgA=="},"keyId":1},"registrationId":114,"advSecretKey":"uZgOzeP0vB4070EUzBapOttIrCYQQLmasHqRoh3iYAQ=","processedHistoryMessages":[{"key":{"remoteJid":"6287775822402@s.whatsapp.net","fromMe":true,"id":"F7DC6C3594DAC25A8F1AF441286F2CCC"},"messageTimestamp":1754128731},{"key":{"remoteJid":"6287775822402@s.whatsapp.net","fromMe":true,"id":"9FC4668D5660F3108D84C76A182EDA85"},"messageTimestamp":1754128731},{"key":{"remoteJid":"6287775822402@s.whatsapp.net","fromMe":true,"id":"7C32827163CE7D8F62B7DE9D7CB17EC4"},"messageTimestamp":1754128754}],"nextPreKeyId":31,"firstUnuploadedPreKeyId":31,"accountSyncCounter":1,"accountSettings":{"unarchiveChats":false},"registered":false,"account":{"details":"CKiJh+4FENLCt8QGGAEgACgA","accountSignatureKey":"jdOtnPkFEUmfrN+bgSB+xEHBEtiZ3CSlUBAxf9Q2+wQ=","accountSignature":"RBINMU3ZxUAyCYkFmgLAatVGrTdjvIY7v3whUVUsMQvh/HPRGitfYOf3Z0Y4ycAvcxRTJcrk46Es9LYl6YKXCA==","deviceSignature":"oLXLrjvltAf90TYLUaATX1VkSii5Y/A4Oiy8kgV5sckr8zYV+PVs+yKJiKt8/9N3A1Zve+Ph+g/Db5gmVjf3hQ=="},"me":{"id":"6287775822402:33@s.whatsapp.net","lid":"164794220949575:33@lid","name":"YukiBot"},"signalIdentities":[{"identifier":{"name":"6287775822402:33@s.whatsapp.net","deviceId":0},"identifierKey":{"type":"Buffer","data":"BY3TrZz5BRFJn6zfm4EgfsRBwRLYmdwkpVAQMX/UNvsE"}}],"platform":"android","routingInfo":{"type":"Buffer","data":"CAIIDQ=="},"lastAccountSyncTimestamp":1754128870,"lastPropHash":"3R9Z39","myAppStateKeyId":"AAAAAO4c"}