[{"senderKeyId":1912060229,"senderChainKey":{"iteration":181,"seed":"rC8zjweH1TyF3C3Y53eJOZx3S9HMgiWOdYgXFqiwHxg="},"senderSigningKey":{"public":"BdFTdGAe1rXdtkXcK8UNCEEHf9gyf1c/A0pVruZSeKEQ","private":"UENFete9uuDF5GLqMPq6XV5n2sCPi9HuQaOGDdmu1Hs="},"senderMessageKeys":[{},{},{},{},{},{},{},{},{},{},{},{},{},{},{},{},{},{},{},{},{},{},{},{},{},{},{},{},{},{},{},{},{},{},{},{},{},{},{},{},{},{},{},{},{},{},{},{},{},{},{},{},{},{},{},{},{},{},{},{},{},{},{},{},{},{},{},{},{},{},{},{},{},{},{},{},{},{},{},{},{},{},{},{},{},{},{},{},{},{}]}]