{"_sessions":{"BW65JpU6afTZHROAkDjxo5u4afTU4bBTcz0+1zk5+gMb":{"registrationId":7060,"currentRatchet":{"ephemeralKeyPair":{"pubKey":"BcxHbbQt06TM3Bog6R0KrnmTYHpgBKgbHrDAPFccIjxW","privKey":"CB2nvixCNa/OWXELTH0W8gS1Es4OKf/cDgbSEMpOM0Y="},"lastRemoteEphemeralKey":"BbHYBbBpNHpSAOlFOspOWJRMhnOxuTse8OKLowgX3EU0","previousCounter":0,"rootKey":"8nnicJrYzjxxjY+gS3+PKXa/vJFr+rYrPhOBPgKKtKU="},"indexInfo":{"baseKey":"BW65JpU6afTZHROAkDjxo5u4afTU4bBTcz0+1zk5+gMb","baseKeyType":1,"closed":-1,"used":1754128815227,"created":1754128815227,"remoteIdentityKey":"BalRTfE6+RFU28Cy80S1rp5J1k9Yo7AVYWflOBYvbmNF"},"_chains":{"BcxHbbQt06TM3Bog6R0KrnmTYHpgBKgbHrDAPFccIjxW":{"chainKey":{"counter":1,"key":"YmI4PEiWuxcDt+acIx2PrP+rgIxUFXHEYRdrgoz9fA0="},"chainType":1,"messageKeys":{}}},"pendingPreKey":{"signedKeyId":1,"baseKey":"BW65JpU6afTZHROAkDjxo5u4afTU4bBTcz0+1zk5+gMb","preKeyId":807}}},"version":"v1"}