{"_sessions":{"BbV/odBWsNPZBRU3/Fj0T6HZxe/y8cSijwJxMTftWmpp":{"registrationId":1705870069,"currentRatchet":{"ephemeralKeyPair":{"pubKey":"BXm7Y49Ee5BRWYoa5sPV8svpMX0RhDd9paBKxVPpzWZS","privKey":"aFqy8b00il8Ql8wzM430wgacNfbiRbR2sHnvv5oRBGE="},"lastRemoteEphemeralKey":"BYZlwetXsHE/Ga1kx/eS8Pw9IPi5kt680wGP/HBs60tA","previousCounter":0,"rootKey":"SoaymBjY9+KHA5+HTSofILocXeBJE1LEGMiibD23jpg="},"indexInfo":{"baseKey":"BbV/odBWsNPZBRU3/Fj0T6HZxe/y8cSijwJxMTftWmpp","baseKeyType":2,"closed":-1,"used":1754129006972,"created":1754129006972,"remoteIdentityKey":"BX6dhR1Fad3KacvzsMeeDA/mW7ONEJY2w40Xm7jlQV1n"},"_chains":{"BYZlwetXsHE/Ga1kx/eS8Pw9IPi5kt680wGP/HBs60tA":{"chainKey":{"counter":1,"key":"J69C5A7sLK6s5D8BU/84o9U8hCl+HkqZ8+t9SqDmwVc="},"chainType":2,"messageKeys":{}},"BXm7Y49Ee5BRWYoa5sPV8svpMX0RhDd9paBKxVPpzWZS":{"chainKey":{"counter":-1,"key":"UgRLqHAyOfiTBNWXjm7q/pTFHbqe46o3npae2uucsL4="},"chainType":1,"messageKeys":{}}}}},"version":"v1"}