{"_sessions":{"BWbXEuOv42YuSIzY1aLjqNAzbbkcii5O4NJUSibpPVha":{"registrationId":1775536267,"currentRatchet":{"ephemeralKeyPair":{"pubKey":"BU+UVe/5dq+G1ld3N7NzNryxdyci4HDaKo91ZHog2I9c","privKey":"0B1rr6/TO9Bfa+yHdokDbZf6sTqRqk5aQx3dm7o1hG0="},"lastRemoteEphemeralKey":"BTc5cHYQ/j8D+n5b27SA5/hPdmZ299j9pmjDR5LIIwtD","previousCounter":0,"rootKey":"OLf2X3F+y4506LWyB6R+51qtxjoPqc/2lrJClhMzdzA="},"indexInfo":{"baseKey":"BWbXEuOv42YuSIzY1aLjqNAzbbkcii5O4NJUSibpPVha","baseKeyType":2,"closed":-1,"used":1754138096469,"created":1754138096469,"remoteIdentityKey":"BWn+xhrn4rR1VOgZd8QCZxtptlN1181OCgIyvIyZSbp0"},"_chains":{"BTc5cHYQ/j8D+n5b27SA5/hPdmZ299j9pmjDR5LIIwtD":{"chainKey":{"counter":0,"key":"TDSYOIr3kBPkUSuAtnH0DYCmclJtdDfgWaDlOyfbDFg="},"chainType":2,"messageKeys":{}},"BU+UVe/5dq+G1ld3N7NzNryxdyci4HDaKo91ZHog2I9c":{"chainKey":{"counter":-1,"key":"YOxvcbqzAccGX2LXAX7t7VPY6/MO6NKa67WIa1WkGXI="},"chainType":1,"messageKeys":{}}}}},"version":"v1"}