{"_sessions":{"BXE1HHLi5lKKK0SBjBA4tlIQAc0XMvwY4gahPzh+ebRn":{"registrationId":187996567,"currentRatchet":{"ephemeralKeyPair":{"pubKey":"BYcz7/uYIaiyL24whFR5NwPtD+A9Ep5ve8svzFG7W8hb","privKey":"YAaOL7PEakxRZjEEY7hI35jDNNmvYvP6MEMe6Tki3ks="},"lastRemoteEphemeralKey":"BazsOtgUpmySWvhVNJRM5P9AMb4Wju3KEX68aLhSu8gk","previousCounter":0,"rootKey":"+jwgvEotvUGAnobr9LL+wZTY3ai3kE62DVjS1tGqJfg="},"indexInfo":{"baseKey":"BXE1HHLi5lKKK0SBjBA4tlIQAc0XMvwY4gahPzh+ebRn","baseKeyType":2,"closed":-1,"used":1754129235869,"created":1754129235869,"remoteIdentityKey":"BWI3OQhMhSpnPDzTjicnvflgy8hrW37lplSm/RdpzbVU"},"_chains":{"BazsOtgUpmySWvhVNJRM5P9AMb4Wju3KEX68aLhSu8gk":{"chainKey":{"counter":1,"key":"RTrcYdUlRWTbgtrrzigCS+Yqb7hH8IWa4kGWY1cujo8="},"chainType":2,"messageKeys":{}},"BYcz7/uYIaiyL24whFR5NwPtD+A9Ep5ve8svzFG7W8hb":{"chainKey":{"counter":-1,"key":"UcRSOpES3dDT5XTKa5cm6rglugf6l9cu2r42yYbLE8U="},"chainType":1,"messageKeys":{}}}}},"version":"v1"}