{"_sessions":{"BeRSLVp76ys0mBfLgJ6z/zvBtjtExeCjvLihmZZZc5VC":{"registrationId":1592713378,"currentRatchet":{"ephemeralKeyPair":{"pubKey":"BZgked+TnBoCFF+rVZA5tUNTVT8vAC4yZdXTN/cu/RxI","privKey":"cHn/l5tdT1qkOFTSPcNXi7ArGssRP5WeiNz9kuCyV3w="},"lastRemoteEphemeralKey":"BX6ErPE5wVz8IyLTMgrPcE0t1ZsWhSSnpU9Fzy3OsJRi","previousCounter":0,"rootKey":"UUUZrBjZmisOMRpD2RbaUiFPFMWUCUObGCc6Hl36yes="},"indexInfo":{"baseKey":"BeRSLVp76ys0mBfLgJ6z/zvBtjtExeCjvLihmZZZc5VC","baseKeyType":2,"closed":-1,"used":1754137623005,"created":1754137623005,"remoteIdentityKey":"BTweqUaHgTn2eZjEWlm8bilWw9Ec6mVUt24oIVvAhdJA"},"_chains":{"BX6ErPE5wVz8IyLTMgrPcE0t1ZsWhSSnpU9Fzy3OsJRi":{"chainKey":{"counter":0,"key":"irkvJ9Dov/5mGJK7xzEtT9tongzw414vJfpLJsjOYQw="},"chainType":2,"messageKeys":{}},"BZgked+TnBoCFF+rVZA5tUNTVT8vAC4yZdXTN/cu/RxI":{"chainKey":{"counter":-1,"key":"zofGqe+TUm7h6JMeo4Y6DKYlGIFlhIgzX4/fl3g2+Hs="},"chainType":1,"messageKeys":{}}}}},"version":"v1"}