{"_sessions":{"Ba5VinkHH8zXlzKUkONZwYd1JgwlE1LjK3GKs5F2buI+":{"registrationId":1901066800,"currentRatchet":{"ephemeralKeyPair":{"pubKey":"BQGefnPjQzvstdKFQuqSYfY5uSex6/rDgm0cjfg1/G0R","privKey":"SHA2gS+LMS5MUdD64QP7WLCoh+y7S10SbjjgDHieQ0M="},"lastRemoteEphemeralKey":"BaKMLBbwQQTqTxxcleIc19X1cDC4ilsNqkIGGnPTOJkA","previousCounter":0,"rootKey":"K4J9MYoqJ2XUJoD/bSQZQBqgqUCzLv80eVKcYPpfRiQ="},"indexInfo":{"baseKey":"Ba5VinkHH8zXlzKUkONZwYd1JgwlE1LjK3GKs5F2buI+","baseKeyType":2,"closed":-1,"used":1754136686739,"created":1754128756457,"remoteIdentityKey":"BXwizWjKbE46m4sCE1Mo21Pfq59SVnYKaP35/FgCu9Mg"},"_chains":{"BQiluxQI7Zm7+FBjBJwKxenMnst/tPgE7fMj4BfIP3MP":{"chainKey":{"counter":0},"chainType":2,"messageKeys":{}},"BaKMLBbwQQTqTxxcleIc19X1cDC4ilsNqkIGGnPTOJkA":{"chainKey":{"counter":0,"key":"+EvZKz1qV7tspI4TGapm8nyX1eQj0/xYXa5i8YgCdNk="},"chainType":2,"messageKeys":{}},"BQGefnPjQzvstdKFQuqSYfY5uSex6/rDgm0cjfg1/G0R":{"chainKey":{"counter":0,"key":"4utGVVJuMLBQDTomFdxukFh3FEA3mNUJBUIfwvDYKtk="},"chainType":1,"messageKeys":{}}}}},"version":"v1"}