{"_sessions":{"BX223x40dbpN+8QgGa7FSL5+30Zca96WONJc6V3Tc6xm":{"registrationId":1388791614,"currentRatchet":{"ephemeralKeyPair":{"pubKey":"BYiOYYju0Pmvlo3kLJXQNQNuI0/61l8PMS+yk5/4dV1C","privKey":"MNIjioYozE0JVsllnIFEenK0VXvK3ypNE42E6YrSBX0="},"lastRemoteEphemeralKey":"BUBZNWTtd5uBNgQxhVpg0f1xXoczfxuqX9dhA+A0cRIW","previousCounter":0,"rootKey":"rcXNiqdAXxzMmUQGCKDemw1jVpZeipY6jfRFZFRKjP8="},"indexInfo":{"baseKey":"BX223x40dbpN+8QgGa7FSL5+30Zca96WONJc6V3Tc6xm","baseKeyType":1,"closed":-1,"used":1754138562890,"created":1754136714080,"remoteIdentityKey":"BVrnHQDMePo7G+97Nyu2DP2upoVxqkp7Cw6HhPd3eDdB"},"_chains":{"BUBZNWTtd5uBNgQxhVpg0f1xXoczfxuqX9dhA+A0cRIW":{"chainKey":{"counter":0,"key":"+qdcg6mz/Y8jw6wtBbg2QP5GUAHIqTcxQik40JHKgKM="},"chainType":2,"messageKeys":{}},"BYiOYYju0Pmvlo3kLJXQNQNuI0/61l8PMS+yk5/4dV1C":{"chainKey":{"counter":-1,"key":"jswvnzgVwMhSlXqdGwkDevcJl4TLggr+sQzZrIgrhkg="},"chainType":1,"messageKeys":{}}}}},"version":"v1"}