{"_sessions":{"BfpQfWUAXBoVk5wSMh6Xc7fT/SKnQ1vhoDwI0P+MPOoB":{"registrationId":704482405,"currentRatchet":{"ephemeralKeyPair":{"pubKey":"Bao85MBR1NJwYYWpzYbQrZZ6vjLcckmdnxFONwwFExp4","privKey":"YOo1JrwnUk3/R4Tj3UHqPOau2KarwFx3Ag1GyH7BgmY="},"lastRemoteEphemeralKey":"Bed6uFB28ynAm9CZQdryBOIu7GweY7812hrcBufZOEZg","previousCounter":0,"rootKey":"K6PR5gafcGP/80WRTZqEWtOAbmC1mtERk4utAe6vB44="},"indexInfo":{"baseKey":"BfpQfWUAXBoVk5wSMh6Xc7fT/SKnQ1vhoDwI0P+MPOoB","baseKeyType":1,"closed":-1,"used":1754136714074,"created":1754136714074,"remoteIdentityKey":"BV7CCL0ilANCq4juGD7Ptz9HfGan6SWMUEs5LTOsb2dF"},"_chains":{"Bao85MBR1NJwYYWpzYbQrZZ6vjLcckmdnxFONwwFExp4":{"chainKey":{"counter":0,"key":"3lEh1XkCBklIyT1NLWf7jVix8PBQ2XcVr2sBoZ+kvSA="},"chainType":1,"messageKeys":{}}},"pendingPreKey":{"signedKeyId":3,"baseKey":"BfpQfWUAXBoVk5wSMh6Xc7fT/SKnQ1vhoDwI0P+MPOoB","preKeyId":14227100}}},"version":"v1"}