{"_sessions":{"BforZxZVbRzxj/HE18xBiu9hc2ArIlYsY5gt5jEQ5tlh":{"registrationId":239458892,"currentRatchet":{"ephemeralKeyPair":{"pubKey":"BdazVnezHUNTYKx+svHo1jTjiAVGMBjLQoLhu9ZtE9Ie","privKey":"2EyzHdCMNo5za11NauJuJgS8V/qHDXwcvDTHOaNgSGM="},"lastRemoteEphemeralKey":"BQrjblU7W7Y8ahHNyJNTC2SyKWPEQ7iFNXJRNzRp/XQ3","previousCounter":0,"rootKey":"6/BkhFcrZISMpTVO1PtnY5tZsiOgbyE0C98ZI5Fdwuw="},"indexInfo":{"baseKey":"BforZxZVbRzxj/HE18xBiu9hc2ArIlYsY5gt5jEQ5tlh","baseKeyType":2,"closed":-1,"used":1754135973688,"created":1754128728839,"remoteIdentityKey":"BY3TrZz5BRFJn6zfm4EgfsRBwRLYmdwkpVAQMX/UNvsE"},"_chains":{"BeTI62EQH8w8YPt3sOAJgHeZbDKK1bllb+Y6QGgY9WUH":{"chainKey":{"counter":7},"chainType":2,"messageKeys":{}},"BQrjblU7W7Y8ahHNyJNTC2SyKWPEQ7iFNXJRNzRp/XQ3":{"chainKey":{"counter":0,"key":"6tlznB9isFQe5kdQ3kKgUqhIz/J38YvJ4S1937NXuTo="},"chainType":2,"messageKeys":{}},"BdazVnezHUNTYKx+svHo1jTjiAVGMBjLQoLhu9ZtE9Ie":{"chainKey":{"counter":0,"key":"tKV6y6qgMFiw1pHy2rH6JUGyLw260LwCZ/nK1s0ba/A="},"chainType":1,"messageKeys":{}}}}},"version":"v1"}