{"_sessions":{"BYQVMkhnkZLipYT8ABeaoNbfD7OPMlSaZK9PszMhm6AQ":{"registrationId":1686211485,"currentRatchet":{"ephemeralKeyPair":{"pubKey":"BfoQnwU2i9g+jEiCBYqAwirKc8VsckcYHZz4dJa6+Idc","privKey":"IAgd7w+M4Y3tOf19A4DokYaVfJ6z/9D5O8A7h1Tu43M="},"lastRemoteEphemeralKey":"BfkX+0xecEhwLE2zpFRPeSG9BBKPMO/4sAkvK5gr2pMO","previousCounter":0,"rootKey":"KLBVX9qctzzy/9X7YZyzpmDCx6tOjEeWrVqWhb9xCt8="},"indexInfo":{"baseKey":"BYQVMkhnkZLipYT8ABeaoNbfD7OPMlSaZK9PszMhm6AQ","baseKeyType":2,"closed":-1,"used":1754129167130,"created":1754129167130,"remoteIdentityKey":"BRxAKVKPNGwGBxohZhWidNTbIkD/GfCNThSJuOjj9Qp6"},"_chains":{"BfkX+0xecEhwLE2zpFRPeSG9BBKPMO/4sAkvK5gr2pMO":{"chainKey":{"counter":1,"key":"C9DyIIsdbBG6/sr28jxV+KgFHFn6ZduVGsjjNeBBtns="},"chainType":2,"messageKeys":{}},"BfoQnwU2i9g+jEiCBYqAwirKc8VsckcYHZz4dJa6+Idc":{"chainKey":{"counter":-1,"key":"d6oOz9llMIRjDPlXer/NP6hrqQfjDpte/XiZWO6Gu2M="},"chainType":1,"messageKeys":{}}}}},"version":"v1"}