{"_sessions":{"BcPwCXNH3fzckdx3PVWwyDu5Z0e5eida88a/F9JavaMh":{"registrationId":1943670145,"currentRatchet":{"ephemeralKeyPair":{"pubKey":"BbAk+0LqEb3lnzrG5T5gXVhMgw9QOuoDLu/OcEYMN/1/","privKey":"KJh9kaN9aa/6MqI3uTsi9PZTjNjlkcUiddxRnvSsJnw="},"lastRemoteEphemeralKey":"BTCmhROjuij3GgVeyf7+BiGtxtz6AheMr2fIBR/EFCVb","previousCounter":0,"rootKey":"O7ACmwkZAKIk8NKHFbOWpfGbJKP6Qv+f1zlmWYcJJ8w="},"indexInfo":{"baseKey":"BcPwCXNH3fzckdx3PVWwyDu5Z0e5eida88a/F9JavaMh","baseKeyType":2,"closed":-1,"used":1754131885274,"created":1754131885274,"remoteIdentityKey":"Bc4aR54/L56iirt/RbXJTIkqBeQeh6gyOl1GxR+Q5KsS"},"_chains":{"BTCmhROjuij3GgVeyf7+BiGtxtz6AheMr2fIBR/EFCVb":{"chainKey":{"counter":0,"key":"jlg9/l6PkZaplh+I1xbp7aFldNxzXt9L/TeWvAbIWJE="},"chainType":2,"messageKeys":{}},"BbAk+0LqEb3lnzrG5T5gXVhMgw9QOuoDLu/OcEYMN/1/":{"chainKey":{"counter":-1,"key":"Nw1Hi3WvUzSGy+vVzXheECIqG9C4e03JsTqD0Xy9pZo="},"chainType":1,"messageKeys":{}}}}},"version":"v1"}