{"_sessions":{"BVIC9eu1jGMliiMtGQ28PMkn27J+BPOx7jSEoyUEXmp+":{"registrationId":982073481,"currentRatchet":{"ephemeralKeyPair":{"pubKey":"Bc3t+S4HaJgr58aBnnJxwI6BXs7V61xWZ3ru0I/03lJr","privKey":"SIXhy6BGzl2E313DoAdUaQSMQq5gy5qWgATXjsXjCHU="},"lastRemoteEphemeralKey":"Bcl/lEXNnZO+hUGW1mJhtfl6GXOhx92BKzuy1UUm+cJ9","previousCounter":0,"rootKey":"1QoF1ZONMBEV1XU3eZZ+OaE7wdsUX0ovTOKBEQ1Uyl8="},"indexInfo":{"baseKey":"BVIC9eu1jGMliiMtGQ28PMkn27J+BPOx7jSEoyUEXmp+","baseKeyType":2,"closed":-1,"used":1754135729077,"created":1754135729077,"remoteIdentityKey":"Bf2lQzsWNg1ZxLrHG1wQMAr8jl6HgEHFk5yBS0pSWvEX"},"_chains":{"Bcl/lEXNnZO+hUGW1mJhtfl6GXOhx92BKzuy1UUm+cJ9":{"chainKey":{"counter":0,"key":"V6rcONB94mRozvvjIl6gGlbKC9bPNR4F75prZTfGx6c="},"chainType":2,"messageKeys":{}},"Bc3t+S4HaJgr58aBnnJxwI6BXs7V61xWZ3ru0I/03lJr":{"chainKey":{"counter":-1,"key":"5xhYQnToCscRHWoNKBuCgfWqJt89ee71pjH1dvT9jQ8="},"chainType":1,"messageKeys":{}}}}},"version":"v1"}