{"_sessions":{"BREpcfWcn5bpW+jvdC1w0RVmel/1d0UGq8mlh3eFO6Rh":{"registrationId":533394575,"currentRatchet":{"ephemeralKeyPair":{"pubKey":"BaJPvAgyGnXFAnEQ4Bkp057gwjTtIEKLXB65rwtXcdom","privKey":"uKSklAV1Rt0+7UhiMAo+CBaHOJpGXhm0d/zUvMIAaV0="},"lastRemoteEphemeralKey":"BcKJT/1mHWaaftEXAIAk9b6p3PYxEqMANSEUqStDpKNZ","previousCounter":0,"rootKey":"OX8SYBffbIwB174E9sEGeZeHt3TAlZjWQlnTO4ueTcE="},"indexInfo":{"baseKey":"BREpcfWcn5bpW+jvdC1w0RVmel/1d0UGq8mlh3eFO6Rh","baseKeyType":2,"closed":-1,"used":1754131165960,"created":1754131165960,"remoteIdentityKey":"BZOVow4JgwuHItiTjly4pR1pBEUIa9OygoAtqBE7f9xm"},"_chains":{"BcKJT/1mHWaaftEXAIAk9b6p3PYxEqMANSEUqStDpKNZ":{"chainKey":{"counter":0,"key":"8oLrCg1iZPa65zdIxYsh1qYUqCXAkpQeFIqs14vPz6M="},"chainType":2,"messageKeys":{}},"BaJPvAgyGnXFAnEQ4Bkp057gwjTtIEKLXB65rwtXcdom":{"chainKey":{"counter":-1,"key":"wI0WxCDgVePzN+wiTrUjZNf5+D0DdDPKu14zD7we+Hc="},"chainType":1,"messageKeys":{}}}}},"version":"v1"}