{"_sessions":{"BVsvOE0/nCVTIn3xv4pgCPg1zD0EnH9XFsoXTqApuBY+":{"registrationId":2074821659,"currentRatchet":{"ephemeralKeyPair":{"pubKey":"BcrvtgVPqxysjgcveSVaGSx+23UKiWZGJBNLc/uK+Gdh","privKey":"oEm7capeshMaQ7AKGSsOls31an6ADXD+lUTxyJnD90A="},"lastRemoteEphemeralKey":"BVxRetHR8gRu+ujMQDVEW96dfpblwfTNqhONPxCPnLZ7","previousCounter":0,"rootKey":"z6iOzDWAMaHUMAr9ZBUWyjxSsd6favxMrBfSo5xjVgA="},"indexInfo":{"baseKey":"BVsvOE0/nCVTIn3xv4pgCPg1zD0EnH9XFsoXTqApuBY+","baseKeyType":1,"closed":-1,"used":1754136714093,"created":1754136714093,"remoteIdentityKey":"BYBhwtZfq0521+vHfWlZegm2b/XoxVEobtKPKMYtb5Ea"},"_chains":{"BcrvtgVPqxysjgcveSVaGSx+23UKiWZGJBNLc/uK+Gdh":{"chainKey":{"counter":0,"key":"gCpechkKpb8Xn7kfquplmglCdywcHZ+TUzI4PJqcxU8="},"chainType":1,"messageKeys":{}}},"pendingPreKey":{"signedKeyId":17,"baseKey":"BVsvOE0/nCVTIn3xv4pgCPg1zD0EnH9XFsoXTqApuBY+","preKeyId":9450988}}},"version":"v1"}