{"_sessions":{"Ba8m6+vIqxAZuYBpHH3SnSQmGwCA0LRouwQAItllk3EX":{"registrationId":187996567,"currentRatchet":{"ephemeralKeyPair":{"pubKey":"BQzPu3mwRDvL7K5Lz9CxzohwRovpL5FpDwdNQlKROLlq","privKey":"MJzlWH1iVRTpB3v+QdUoncCqq+VBoykR7KHoCmkL8UA="},"lastRemoteEphemeralKey":"BZIp4vW3wdiTwOapw4/m9XVRldO4gbs3Vw3Rs/T4K0dV","previousCounter":0,"rootKey":"zdol/ht+cqH43X5VjFp4mZCvkyt/YP8ySfADTTkN4vQ="},"indexInfo":{"baseKey":"Ba8m6+vIqxAZuYBpHH3SnSQmGwCA0LRouwQAItllk3EX","baseKeyType":1,"closed":-1,"used":1754136714087,"created":1754136714087,"remoteIdentityKey":"BWI3OQhMhSpnPDzTjicnvflgy8hrW37lplSm/RdpzbVU"},"_chains":{"BQzPu3mwRDvL7K5Lz9CxzohwRovpL5FpDwdNQlKROLlq":{"chainKey":{"counter":0,"key":"f9MkBOFq6nwgUTk0buTAKrPnymGbEdF+pFUPkSzkIZs="},"chainType":1,"messageKeys":{}}},"pendingPreKey":{"signedKeyId":1,"baseKey":"Ba8m6+vIqxAZuYBpHH3SnSQmGwCA0LRouwQAItllk3EX","preKeyId":6888093}}},"version":"v1"}