{"_sessions":{"BcBBQmQsDPrkm14G69aknaI98V0nvgmIrGuY7m27cWUM":{"registrationId":1130757009,"currentRatchet":{"ephemeralKeyPair":{"pubKey":"BS5O/rRTp9DjRhCJD8kyVy7KlFHr7Q0eeuNFEy3Y5qxl","privKey":"8EGo2HCkCWaenucxJ8Aw4Jjj24CCjCb2nzzSsWlrFnk="},"lastRemoteEphemeralKey":"BV2w7yyJdXllxwOfJy9CYt6A6/kfpmFhB2niHfNwapZt","previousCounter":0,"rootKey":"4KhZOlvnMsqcRO3TB59eUYm9QThIMSkIp7sJrabPi9I="},"indexInfo":{"baseKey":"BcBBQmQsDPrkm14G69aknaI98V0nvgmIrGuY7m27cWUM","baseKeyType":2,"closed":-1,"used":1754135717549,"created":1754135717549,"remoteIdentityKey":"BVkagAR4r9cn/TkdzZappv4lILlV7SxEjaW/XzJQbUgS"},"_chains":{"BV2w7yyJdXllxwOfJy9CYt6A6/kfpmFhB2niHfNwapZt":{"chainKey":{"counter":1,"key":"tstYue8EMV+GWKhDq+eKQZLCPdxOQdMdFcZW310vub8="},"chainType":2,"messageKeys":{}},"BS5O/rRTp9DjRhCJD8kyVy7KlFHr7Q0eeuNFEy3Y5qxl":{"chainKey":{"counter":-1,"key":"rWX+Bd7nwN8G+l8uk9ECu3T2YQRbSUa+VmYMZpcyDGk="},"chainType":1,"messageKeys":{}}}}},"version":"v1"}