{"_sessions":{"BZdU5ZQ30t5rMEmkWxbJfAXkzk7XAvLsSW8Q/2nWvp4y":{"registrationId":1034777784,"currentRatchet":{"ephemeralKeyPair":{"pubKey":"BcjRAkWTjQqrQSP04DZdCs1BOhqInBsegUmX6ptTI4lc","privKey":"aN/f690u7mpqksca6wHDLSo2VfDSTXly4saxpUjywkk="},"lastRemoteEphemeralKey":"BUjxRatZAay4xN/UCFFqgvF6l/ZO5yyHIo0vBZFen8UX","previousCounter":0,"rootKey":"EG64JhpUpXEq7viGfh+pkd2+4YmiX5KbqDmusMbMVOs="},"indexInfo":{"baseKey":"BZdU5ZQ30t5rMEmkWxbJfAXkzk7XAvLsSW8Q/2nWvp4y","baseKeyType":1,"closed":-1,"used":1754128815237,"created":1754128815237,"remoteIdentityKey":"BdcP1Miki3NOrojQqDiy2UyO66m3XcJT4eZ1UC1eUmhu"},"_chains":{"BcjRAkWTjQqrQSP04DZdCs1BOhqInBsegUmX6ptTI4lc":{"chainKey":{"counter":1,"key":"xnQBebtF924Wk1bzez0lHD7xfY/F3rubrA4161JxmnU="},"chainType":1,"messageKeys":{}}},"pendingPreKey":{"signedKeyId":6,"baseKey":"BZdU5ZQ30t5rMEmkWxbJfAXkzk7XAvLsSW8Q/2nWvp4y","preKeyId":5986799}}},"version":"v1"}