{"_sessions":{"BdBnVBme8KERpWuMk36ut7pwiozoCDgV65hTBhXr2esL":{"registrationId":388543706,"currentRatchet":{"ephemeralKeyPair":{"pubKey":"BYHDt3wbTqHMA27cG5xuVmlvjE5IeMLxPhJ2hIsd/QMj","privKey":"KJUjtk3J0oKatH0HEUow13W99TffWVIaRrhFE3DzVk0="},"lastRemoteEphemeralKey":"BbgdznnOF77j5mgAstoy1nEtPfOpOA3RbjTjh+W4VXlx","previousCounter":0,"rootKey":"9DHGGEx9pG33GpsqxwpWPqdQ4AEmVnbzFipENd9Ix44="},"indexInfo":{"baseKey":"BdBnVBme8KERpWuMk36ut7pwiozoCDgV65hTBhXr2esL","baseKeyType":1,"closed":-1,"used":1754128815232,"created":1754128815232,"remoteIdentityKey":"BeEmRp0Ubiw8wOLOC3fNNRru4XlI2gJVEo3DvnZQVKsK"},"_chains":{"BYHDt3wbTqHMA27cG5xuVmlvjE5IeMLxPhJ2hIsd/QMj":{"chainKey":{"counter":0,"key":"SufoDG1WXq61yEv+IxQPsbBSrLfhZxt8ybHqj5dExMw="},"chainType":1,"messageKeys":{}}},"pendingPreKey":{"signedKeyId":15,"baseKey":"BdBnVBme8KERpWuMk36ut7pwiozoCDgV65hTBhXr2esL","preKeyId":15950531}}},"version":"v1"}