{"_sessions":{"BX3p95GMENOwJOD/qNH7/Uy3dDxMckHvjJnL7yiHYJMI":{"registrationId":235003120,"currentRatchet":{"ephemeralKeyPair":{"pubKey":"BYKsVi2uy11tj9jTygFu7SJ//k3CytvREuLkxPYNflUQ","privKey":"mO7WAevqKZO/m+n3URNDefCPfCFDbRXmQQpp41lEP2c="},"lastRemoteEphemeralKey":"BcyXnHod6s+JDTDxsJeZa3UAUQz9POx/pgGF5nPW7nQg","previousCounter":0,"rootKey":"6BUAf7208FvtcPmdzvbsRS6bWnKAwi4erapAmIh5ptE="},"indexInfo":{"baseKey":"BX3p95GMENOwJOD/qNH7/Uy3dDxMckHvjJnL7yiHYJMI","baseKeyType":2,"closed":-1,"used":1754135717628,"created":1754135717628,"remoteIdentityKey":"Ba0JYpMpSysoTTQ+vzoH+2PU1CmSneoMyFj0lX2sHrFC"},"_chains":{"BcyXnHod6s+JDTDxsJeZa3UAUQz9POx/pgGF5nPW7nQg":{"chainKey":{"counter":0,"key":"ql0JEfzbKbzoqWoQHlg9EAIblLFxParhj+rlTxiTKO4="},"chainType":2,"messageKeys":{}},"BYKsVi2uy11tj9jTygFu7SJ//k3CytvREuLkxPYNflUQ":{"chainKey":{"counter":-1,"key":"YZZoquXFsoI/RjUadC7OjaJF9J9nMWX1zR2DRCBwrSY="},"chainType":1,"messageKeys":{}}}}},"version":"v1"}